"GEO_ID","NAME","S1501_C01_001E","S1501_C01_001M","S1501_C02_001E","S1501_C02_001M","S1501_C03_001E","S1501_C03_001M","S1501_C01_002E","S1501_C01_002M","S1501_C02_002E","S1501_C02_002M","S1501_C03_002E","S1501_C03_002M","S1501_C01_003E","S1501_C01_003M","S1501_C02_003E","S1501_C02_003M","S1501_C03_003E","S1501_C03_003M","S1501_C01_004E","S1501_C01_004M","S1501_C02_004E","S1501_C02_004M","S1501_C03_004E","S1501_C03_004M","S1501_C01_005E","S1501_C01_005M","S1501_C02_005E","S1501_C02_005M","S1501_C03_005E","S1501_C03_005M","S1501_C01_006E","S1501_C01_006M","S1501_C02_006E","S1501_C02_006M","S1501_C03_006E","S1501_C03_006M","S1501_C01_007E","S1501_C01_007M","S1501_C02_007E","S1501_C02_007M","S1501_C03_007E","S1501_C03_007M","S1501_C01_008E","S1501_C01_008M","S1501_C02_008E","S1501_C02_008M","S1501_C03_008E","S1501_C03_008M","S1501_C01_009E","S1501_C01_009M","S1501_C02_009E","S1501_C02_009M","S1501_C03_009E","S1501_C03_009M","S1501_C01_010E","S1501_C01_010M","S1501_C02_010E","S1501_C02_010M","S1501_C03_010E","S1501_C03_010M","S1501_C01_011E","S1501_C01_011M","S1501_C02_011E","S1501_C02_011M","S1501_C03_011E","S1501_C03_011M","S1501_C01_012E","S1501_C01_012M","S1501_C02_012E","S1501_C02_012M","S1501_C03_012E","S1501_C03_012M","S1501_C01_013E","S1501_C01_013M","S1501_C02_013E","S1501_C02_013M","S1501_C03_013E","S1501_C03_013M","S1501_C01_014E","S1501_C01_014M","S1501_C02_014E","S1501_C02_014M","S1501_C03_014E","S1501_C03_014M","S1501_C01_015E","S1501_C01_015M","S1501_C02_015E","S1501_C02_015M","S1501_C03_015E","S1501_C03_015M","S1501_C01_016E","S1501_C01_016M","S1501_C02_016E","S1501_C02_016M","S1501_C03_016E","S1501_C03_016M","S1501_C01_017E","S1501_C01_017M","S1501_C02_017E","S1501_C02_017M","S1501_C03_017E","S1501_C03_017M","S1501_C01_018E","S1501_C01_018M","S1501_C02_018E","S1501_C02_018M","S1501_C03_018E","S1501_C03_018M","S1501_C01_019E","S1501_C01_019M","S1501_C02_019E","S1501_C02_019M","S1501_C03_019E","S1501_C03_019M","S1501_C01_020E","S1501_C01_020M","S1501_C02_020E","S1501_C02_020M","S1501_C03_020E","S1501_C03_020M","S1501_C01_021E","S1501_C01_021M","S1501_C02_021E","S1501_C02_021M","S1501_C03_021E","S1501_C03_021M","S1501_C01_022E","S1501_C01_022M","S1501_C02_022E","S1501_C02_022M","S1501_C03_022E","S1501_C03_022M","S1501_C01_023E","S1501_C01_023M","S1501_C02_023E","S1501_C02_023M","S1501_C03_023E","S1501_C03_023M","S1501_C01_024E","S1501_C01_024M","S1501_C02_024E","S1501_C02_024M","S1501_C03_024E","S1501_C03_024M","S1501_C01_025E","S1501_C01_025M","S1501_C02_025E","S1501_C02_025M","S1501_C03_025E","S1501_C03_025M","S1501_C01_026E","S1501_C01_026M","S1501_C02_026E","S1501_C02_026M","S1501_C03_026E","S1501_C03_026M","S1501_C01_027E","S1501_C01_027M","S1501_C02_027E","S1501_C02_027M","S1501_C03_027E","S1501_C03_027M","S1501_C01_028E","S1501_C01_028M","S1501_C02_028E","S1501_C02_028M","S1501_C03_028E","S1501_C03_028M","S1501_C01_029E","S1501_C01_029M","S1501_C02_029E","S1501_C02_029M","S1501_C03_029E","S1501_C03_029M","S1501_C01_030E","S1501_C01_030M","S1501_C02_030E","S1501_C02_030M","S1501_C03_030E","S1501_C03_030M","S1501_C01_031E","S1501_C01_031M","S1501_C02_031E","S1501_C02_031M","S1501_C03_031E","S1501_C03_031M","S1501_C01_032E","S1501_C01_032M","S1501_C02_032E","S1501_C02_032M","S1501_C03_032E","S1501_C03_032M","S1501_C01_033E","S1501_C01_033M","S1501_C02_033E","S1501_C02_033M","S1501_C03_033E","S1501_C03_033M","S1501_C01_034E","S1501_C01_034M","S1501_C02_034E","S1501_C02_034M","S1501_C03_034E","S1501_C03_034M","S1501_C01_035E","S1501_C01_035M","S1501_C02_035E","S1501_C02_035M","S1501_C03_035E","S1501_C03_035M","S1501_C01_036E","S1501_C01_036M","S1501_C02_036E","S1501_C02_036M","S1501_C03_036E","S1501_C03_036M","S1501_C01_037E","S1501_C01_037M","S1501_C02_037E","S1501_C02_037M","S1501_C03_037E","S1501_C03_037M","S1501_C01_038E","S1501_C01_038M","S1501_C02_038E","S1501_C02_038M","S1501_C03_038E","S1501_C03_038M",
"Geography","Geographic Area Name","Total!!Estimate!!Population 18 to 24 years","Total!!Margin of Error!!Population 18 to 24 years","Male!!Estimate!!Population 18 to 24 years","Male!!Margin of Error!!Population 18 to 24 years","Female!!Estimate!!Population 18 to 24 years","Female!!Margin of Error!!Population 18 to 24 years","Total!!Estimate!!Less than high school graduate","Total!!Margin of Error!!Less than high school graduate","Male!!Estimate!!Less than high school graduate","Male!!Margin of Error!!Less than high school graduate","Female!!Estimate!!Less than high school graduate","Female!!Margin of Error!!Less than high school graduate","Total!!Estimate!!High school graduate (includes equivalency)","Total!!Margin of Error!!High school graduate (includes equivalency)","Male!!Estimate!!High school graduate (includes equivalency)","Male!!Margin of Error!!High school graduate (includes equivalency)","Female!!Estimate!!High school graduate (includes equivalency)","Female!!Margin of Error!!High school graduate (includes equivalency)","Total!!Estimate!!Some college or associate's degree","Total!!Margin of Error!!Some college or associate's degree","Male!!Estimate!!Some college or associate's degree","Male!!Margin of Error!!Some college or associate's degree","Female!!Estimate!!Some college or associate's degree","Female!!Margin of Error!!Some college or associate's degree","Total!!Estimate!!Bachelor's degree or higher","Total!!Margin of Error!!Bachelor's degree or higher","Male!!Estimate!!Bachelor's degree or higher","Male!!Margin of Error!!Bachelor's degree or higher","Female!!Estimate!!Bachelor's degree or higher","Female!!Margin of Error!!Bachelor's degree or higher","Total!!Estimate!!Population 25 years and over","Total!!Margin of Error!!Population 25 years and over","Male!!Estimate!!Population 25 years and over","Male!!Margin of Error!!Population 25 years and over","Female!!Estimate!!Population 25 years and over","Female!!Margin of Error!!Population 25 years and over","Total!!Estimate!!Population 25 years and over!!Less than 9th grade","Total!!Margin of Error!!Population 25 years and over!!Less than 9th grade","Male!!Estimate!!Population 25 years and over!!Less than 9th grade","Male!!Margin of Error!!Population 25 years and over!!Less than 9th grade","Female!!Estimate!!Population 25 years and over!!Less than 9th grade","Female!!Margin of Error!!Population 25 years and over!!Less than 9th grade","Total!!Estimate!!Population 25 years and over!!9th to 12th grade, no diploma","Total!!Margin of Error!!Population 25 years and over!!9th to 12th grade, no diploma","Male!!Estimate!!Population 25 years and over!!9th to 12th grade, no diploma","Male!!Margin of Error!!Population 25 years and over!!9th to 12th grade, no diploma","Female!!Estimate!!Population 25 years and over!!9th to 12th grade, no diploma","Female!!Margin of Error!!Population 25 years and over!!9th to 12th grade, no diploma","Total!!Estimate!!Population 25 years and over!!High school graduate (includes equivalency)","Total!!Margin of Error!!Population 25 years and over!!High school graduate (includes equivalency)","Male!!Estimate!!Population 25 years and over!!High school graduate (includes equivalency)","Male!!Margin of Error!!Population 25 years and over!!High school graduate (includes equivalency)","Female!!Estimate!!Population 25 years and over!!High school graduate (includes equivalency)","Female!!Margin of Error!!Population 25 years and over!!High school graduate (includes equivalency)","Total!!Estimate!!Population 25 years and over!!Some college, no degree","Total!!Margin of Error!!Population 25 years and over!!Some college, no degree","Male!!Estimate!!Population 25 years and over!!Some college, no degree","Male!!Margin of Error!!Population 25 years and over!!Some college, no degree","Female!!Estimate!!Population 25 years and over!!Some college, no degree","Female!!Margin of Error!!Population 25 years and over!!Some college, no degree","Total!!Estimate!!Population 25 years and over!!Associate's degree","Total!!Margin of Error!!Population 25 years and over!!Associate's degree","Male!!Estimate!!Population 25 years and over!!Associate's degree","Male!!Margin of Error!!Population 25 years and over!!Associate's degree","Female!!Estimate!!Population 25 years and over!!Associate's degree","Female!!Margin of Error!!Population 25 years and over!!Associate's degree","Total!!Estimate!!Population 25 years and over!!Bachelor's degree","Total!!Margin of Error!!Population 25 years and over!!Bachelor's degree","Male!!Estimate!!Population 25 years and over!!Bachelor's degree","Male!!Margin of Error!!Population 25 years and over!!Bachelor's degree","Female!!Estimate!!Population 25 years and over!!Bachelor's degree","Female!!Margin of Error!!Population 25 years and over!!Bachelor's degree","Total!!Estimate!!Population 25 years and over!!Graduate or professional degree","Total!!Margin of Error!!Population 25 years and over!!Graduate or professional degree","Male!!Estimate!!Population 25 years and over!!Graduate or professional degree","Male!!Margin of Error!!Population 25 years and over!!Graduate or professional degree","Female!!Estimate!!Population 25 years and over!!Graduate or professional degree","Female!!Margin of Error!!Population 25 years and over!!Graduate or professional degree","Total!!Estimate!!Percent high school graduate or higher","Total!!Margin of Error!!Percent high school graduate or higher","Male!!Estimate!!Percent high school graduate or higher","Male!!Margin of Error!!Percent high school graduate or higher","Female!!Estimate!!Percent high school graduate or higher","Female!!Margin of Error!!Percent high school graduate or higher","Total!!Estimate!!Percent bachelor's degree or higher","Total!!Margin of Error!!Percent bachelor's degree or higher","Male!!Estimate!!Percent bachelor's degree or higher","Male!!Margin of Error!!Percent bachelor's degree or higher","Female!!Estimate!!Percent bachelor's degree or higher","Female!!Margin of Error!!Percent bachelor's degree or higher","Total!!Estimate!!Population 25 to 34 years","Total!!Margin of Error!!Population 25 to 34 years","Male!!Estimate!!Population 25 to 34 years","Male!!Margin of Error!!Population 25 to 34 years","Female!!Estimate!!Population 25 to 34 years","Female!!Margin of Error!!Population 25 to 34 years","Total!!Estimate!!Population 25 to 34 years!!High school graduate or higher","Total!!Margin of Error!!Population 25 to 34 years!!High school graduate or higher","Male!!Estimate!!Population 25 to 34 years!!High school graduate or higher","Male!!Margin of Error!!Population 25 to 34 years!!High school graduate or higher","Female!!Estimate!!Population 25 to 34 years!!High school graduate or higher","Female!!Margin of Error!!Population 25 to 34 years!!High school graduate or higher","Total!!Estimate!!Population 25 to 34 years!!Bachelor's degree or higher","Total!!Margin of Error!!Population 25 to 34 years!!Bachelor's degree or higher","Male!!Estimate!!Population 25 to 34 years!!Bachelor's degree or higher","Male!!Margin of Error!!Population 25 to 34 years!!Bachelor's degree or higher","Female!!Estimate!!Population 25 to 34 years!!Bachelor's degree or higher","Female!!Margin of Error!!Population 25 to 34 years!!Bachelor's degree or higher","Total!!Estimate!!Population 35 to 44 years","Total!!Margin of Error!!Population 35 to 44 years","Male!!Estimate!!Population 35 to 44 years","Male!!Margin of Error!!Population 35 to 44 years","Female!!Estimate!!Population 35 to 44 years","Female!!Margin of Error!!Population 35 to 44 years","Total!!Estimate!!Population 35 to 44 years!!High school graduate or higher","Total!!Margin of Error!!Population 35 to 44 years!!High school graduate or higher","Male!!Estimate!!Population 35 to 44 years!!High school graduate or higher","Male!!Margin of Error!!Population 35 to 44 years!!High school graduate or higher","Female!!Estimate!!Population 35 to 44 years!!High school graduate or higher","Female!!Margin of Error!!Population 35 to 44 years!!High school graduate or higher","Total!!Estimate!!Population 35 to 44 years!!Bachelor's degree or higher","Total!!Margin of Error!!Population 35 to 44 years!!Bachelor's degree or higher","Male!!Estimate!!Population 35 to 44 years!!Bachelor's degree or higher","Male!!Margin of Error!!Population 35 to 44 years!!Bachelor's degree or higher","Female!!Estimate!!Population 35 to 44 years!!Bachelor's degree or higher","Female!!Margin of Error!!Population 35 to 44 years!!Bachelor's degree or higher","Total!!Estimate!!Population 45 to 64 years","Total!!Margin of Error!!Population 45 to 64 years","Male!!Estimate!!Population 45 to 64 years","Male!!Margin of Error!!Population 45 to 64 years","Female!!Estimate!!Population 45 to 64 years","Female!!Margin of Error!!Population 45 to 64 years","Total!!Estimate!!Population 45 to 64 years!!High school graduate or higher","Total!!Margin of Error!!Population 45 to 64 years!!High school graduate or higher","Male!!Estimate!!Population 45 to 64 years!!High school graduate or higher","Male!!Margin of Error!!Population 45 to 64 years!!High school graduate or higher","Female!!Estimate!!Population 45 to 64 years!!High school graduate or higher","Female!!Margin of Error!!Population 45 to 64 years!!High school graduate or higher","Total!!Estimate!!Population 45 to 64 years!!Bachelor's degree or higher","Total!!Margin of Error!!Population 45 to 64 years!!Bachelor's degree or higher","Male!!Estimate!!Population 45 to 64 years!!Bachelor's degree or higher","Male!!Margin of Error!!Population 45 to 64 years!!Bachelor's degree or higher","Female!!Estimate!!Population 45 to 64 years!!Bachelor's degree or higher","Female!!Margin of Error!!Population 45 to 64 years!!Bachelor's degree or higher","Total!!Estimate!!Population 65 years and over","Total!!Margin of Error!!Population 65 years and over","Male!!Estimate!!Population 65 years and over","Male!!Margin of Error!!Population 65 years and over","Female!!Estimate!!Population 65 years and over","Female!!Margin of Error!!Population 65 years and over","Total!!Estimate!!Population 65 years and over!!High school graduate or higher","Total!!Margin of Error!!Population 65 years and over!!High school graduate or higher","Male!!Estimate!!Population 65 years and over!!High school graduate or higher","Male!!Margin of Error!!Population 65 years and over!!High school graduate or higher","Female!!Estimate!!Population 65 years and over!!High school graduate or higher","Female!!Margin of Error!!Population 65 years and over!!High school graduate or higher","Total!!Estimate!!Population 65 years and over!!Bachelor's degree or higher","Total!!Margin of Error!!Population 65 years and over!!Bachelor's degree or higher","Male!!Estimate!!Population 65 years and over!!Bachelor's degree or higher","Male!!Margin of Error!!Population 65 years and over!!Bachelor's degree or higher","Female!!Estimate!!Population 65 years and over!!Bachelor's degree or higher","Female!!Margin of Error!!Population 65 years and over!!Bachelor's degree or higher","Total!!Estimate!!POVERTY RATE FOR THE POPULATION 25 YEARS AND OVER FOR WHOM POVERTY STATUS IS DETERMINED BY EDUCATIONAL ATTAINMENT LEVEL!!Less than high school graduate","Total!!Margin of Error!!POVERTY RATE FOR THE POPULATION 25 YEARS AND OVER FOR WHOM POVERTY STATUS IS DETERMINED BY EDUCATIONAL ATTAINMENT LEVEL!!Less than high school graduate","Male!!Estimate!!POVERTY RATE FOR THE POPULATION 25 YEARS AND OVER FOR WHOM POVERTY STATUS IS DETERMINED BY EDUCATIONAL ATTAINMENT LEVEL!!Less than high school graduate","Male!!Margin of Error!!POVERTY RATE FOR THE POPULATION 25 YEARS AND OVER FOR WHOM POVERTY STATUS IS DETERMINED BY EDUCATIONAL ATTAINMENT LEVEL!!Less than high school graduate","Female!!Estimate!!POVERTY RATE FOR THE POPULATION 25 YEARS AND OVER FOR WHOM POVERTY STATUS IS DETERMINED BY EDUCATIONAL ATTAINMENT LEVEL!!Less than high school graduate","Female!!Margin of Error!!POVERTY RATE FOR THE POPULATION 25 YEARS AND OVER FOR WHOM POVERTY STATUS IS DETERMINED BY EDUCATIONAL ATTAINMENT LEVEL!!Less than high school graduate","Total!!Estimate!!POVERTY RATE FOR THE POPULATION 25 YEARS AND OVER FOR WHOM POVERTY STATUS IS DETERMINED BY EDUCATIONAL ATTAINMENT LEVEL!!High school graduate (includes equivalency)","Total!!Margin of Error!!POVERTY RATE FOR THE POPULATION 25 YEARS AND OVER FOR WHOM POVERTY STATUS IS DETERMINED BY EDUCATIONAL ATTAINMENT LEVEL!!High school graduate (includes equivalency)","Male!!Estimate!!POVERTY RATE FOR THE POPULATION 25 YEARS AND OVER FOR WHOM POVERTY STATUS IS DETERMINED BY EDUCATIONAL ATTAINMENT LEVEL!!High school graduate (includes equivalency)","Male!!Margin of Error!!POVERTY RATE FOR THE POPULATION 25 YEARS AND OVER FOR WHOM POVERTY STATUS IS DETERMINED BY EDUCATIONAL ATTAINMENT LEVEL!!High school graduate (includes equivalency)","Female!!Estimate!!POVERTY RATE FOR THE POPULATION 25 YEARS AND OVER FOR WHOM POVERTY STATUS IS DETERMINED BY EDUCATIONAL ATTAINMENT LEVEL!!High school graduate (includes equivalency)","Female!!Margin of Error!!POVERTY RATE FOR THE POPULATION 25 YEARS AND OVER FOR WHOM POVERTY STATUS IS DETERMINED BY EDUCATIONAL ATTAINMENT LEVEL!!High school graduate (includes equivalency)","Total!!Estimate!!POVERTY RATE FOR THE POPULATION 25 YEARS AND OVER FOR WHOM POVERTY STATUS IS DETERMINED BY EDUCATIONAL ATTAINMENT LEVEL!!Some college or associate's degree","Total!!Margin of Error!!POVERTY RATE FOR THE POPULATION 25 YEARS AND OVER FOR WHOM POVERTY STATUS IS DETERMINED BY EDUCATIONAL ATTAINMENT LEVEL!!Some college or associate's degree","Male!!Estimate!!POVERTY RATE FOR THE POPULATION 25 YEARS AND OVER FOR WHOM POVERTY STATUS IS DETERMINED BY EDUCATIONAL ATTAINMENT LEVEL!!Some college or associate's degree","Male!!Margin of Error!!POVERTY RATE FOR THE POPULATION 25 YEARS AND OVER FOR WHOM POVERTY STATUS IS DETERMINED BY EDUCATIONAL ATTAINMENT LEVEL!!Some college or associate's degree","Female!!Estimate!!POVERTY RATE FOR THE POPULATION 25 YEARS AND OVER FOR WHOM POVERTY STATUS IS DETERMINED BY EDUCATIONAL ATTAINMENT LEVEL!!Some college or associate's degree","Female!!Margin of Error!!POVERTY RATE FOR THE POPULATION 25 YEARS AND OVER FOR WHOM POVERTY STATUS IS DETERMINED BY EDUCATIONAL ATTAINMENT LEVEL!!Some college or associate's degree","Total!!Estimate!!POVERTY RATE FOR THE POPULATION 25 YEARS AND OVER FOR WHOM POVERTY STATUS IS DETERMINED BY EDUCATIONAL ATTAINMENT LEVEL!!Bachelor's degree or higher","Total!!Margin of Error!!POVERTY RATE FOR THE POPULATION 25 YEARS AND OVER FOR WHOM POVERTY STATUS IS DETERMINED BY EDUCATIONAL ATTAINMENT LEVEL!!Bachelor's degree or higher","Male!!Estimate!!POVERTY RATE FOR THE POPULATION 25 YEARS AND OVER FOR WHOM POVERTY STATUS IS DETERMINED BY EDUCATIONAL ATTAINMENT LEVEL!!Bachelor's degree or higher","Male!!Margin of Error!!POVERTY RATE FOR THE POPULATION 25 YEARS AND OVER FOR WHOM POVERTY STATUS IS DETERMINED BY EDUCATIONAL ATTAINMENT LEVEL!!Bachelor's degree or higher","Female!!Estimate!!POVERTY RATE FOR THE POPULATION 25 YEARS AND OVER FOR WHOM POVERTY STATUS IS DETERMINED BY EDUCATIONAL ATTAINMENT LEVEL!!Bachelor's degree or higher","Female!!Margin of Error!!POVERTY RATE FOR THE POPULATION 25 YEARS AND OVER FOR WHOM POVERTY STATUS IS DETERMINED BY EDUCATIONAL ATTAINMENT LEVEL!!Bachelor's degree or higher","Total!!Estimate!!MEDIAN EARNINGS IN THE PAST 12 MONTHS (IN 2013 INFLATION-ADJUSTED DOLLARS)!!Population 25 years and over with earnings","Total!!Margin of Error!!MEDIAN EARNINGS IN THE PAST 12 MONTHS (IN 2013 INFLATION-ADJUSTED DOLLARS)!!Population 25 years and over with earnings","Male!!Estimate!!MEDIAN EARNINGS IN THE PAST 12 MONTHS (IN 2013 INFLATION-ADJUSTED DOLLARS)!!Population 25 years and over with earnings","Male!!Margin of Error!!MEDIAN EARNINGS IN THE PAST 12 MONTHS (IN 2013 INFLATION-ADJUSTED DOLLARS)!!Population 25 years and over with earnings","Female!!Estimate!!MEDIAN EARNINGS IN THE PAST 12 MONTHS (IN 2013 INFLATION-ADJUSTED DOLLARS)!!Population 25 years and over with earnings","Female!!Margin of Error!!MEDIAN EARNINGS IN THE PAST 12 MONTHS (IN 2013 INFLATION-ADJUSTED DOLLARS)!!Population 25 years and over with earnings","Total!!Estimate!!MEDIAN EARNINGS IN THE PAST 12 MONTHS (IN 2013 INFLATION-ADJUSTED DOLLARS)!!Population 25 years and over with earnings!!Less than high school graduate","Total!!Margin of Error!!MEDIAN EARNINGS IN THE PAST 12 MONTHS (IN 2013 INFLATION-ADJUSTED DOLLARS)!!Population 25 years and over with earnings!!Less than high school graduate","Male!!Estimate!!MEDIAN EARNINGS IN THE PAST 12 MONTHS (IN 2013 INFLATION-ADJUSTED DOLLARS)!!Population 25 years and over with earnings!!Less than high school graduate","Male!!Margin of Error!!MEDIAN EARNINGS IN THE PAST 12 MONTHS (IN 2013 INFLATION-ADJUSTED DOLLARS)!!Population 25 years and over with earnings!!Less than high school graduate","Female!!Estimate!!MEDIAN EARNINGS IN THE PAST 12 MONTHS (IN 2013 INFLATION-ADJUSTED DOLLARS)!!Population 25 years and over with earnings!!Less than high school graduate","Female!!Margin of Error!!MEDIAN EARNINGS IN THE PAST 12 MONTHS (IN 2013 INFLATION-ADJUSTED DOLLARS)!!Population 25 years and over with earnings!!Less than high school graduate","Total!!Estimate!!MEDIAN EARNINGS IN THE PAST 12 MONTHS (IN 2013 INFLATION-ADJUSTED DOLLARS)!!Population 25 years and over with earnings!!High school graduate (includes equivalency)","Total!!Margin of Error!!MEDIAN EARNINGS IN THE PAST 12 MONTHS (IN 2013 INFLATION-ADJUSTED DOLLARS)!!Population 25 years and over with earnings!!High school graduate (includes equivalency)","Male!!Estimate!!MEDIAN EARNINGS IN THE PAST 12 MONTHS (IN 2013 INFLATION-ADJUSTED DOLLARS)!!Population 25 years and over with earnings!!High school graduate (includes equivalency)","Male!!Margin of Error!!MEDIAN EARNINGS IN THE PAST 12 MONTHS (IN 2013 INFLATION-ADJUSTED DOLLARS)!!Population 25 years and over with earnings!!High school graduate (includes equivalency)","Female!!Estimate!!MEDIAN EARNINGS IN THE PAST 12 MONTHS (IN 2013 INFLATION-ADJUSTED DOLLARS)!!Population 25 years and over with earnings!!High school graduate (includes equivalency)","Female!!Margin of Error!!MEDIAN EARNINGS IN THE PAST 12 MONTHS (IN 2013 INFLATION-ADJUSTED DOLLARS)!!Population 25 years and over with earnings!!High school graduate (includes equivalency)","Total!!Estimate!!MEDIAN EARNINGS IN THE PAST 12 MONTHS (IN 2013 INFLATION-ADJUSTED DOLLARS)!!Population 25 years and over with earnings!!Some college or associate's degree","Total!!Margin of Error!!MEDIAN EARNINGS IN THE PAST 12 MONTHS (IN 2013 INFLATION-ADJUSTED DOLLARS)!!Population 25 years and over with earnings!!Some college or associate's degree","Male!!Estimate!!MEDIAN EARNINGS IN THE PAST 12 MONTHS (IN 2013 INFLATION-ADJUSTED DOLLARS)!!Population 25 years and over with earnings!!Some college or associate's degree","Male!!Margin of Error!!MEDIAN EARNINGS IN THE PAST 12 MONTHS (IN 2013 INFLATION-ADJUSTED DOLLARS)!!Population 25 years and over with earnings!!Some college or associate's degree","Female!!Estimate!!MEDIAN EARNINGS IN THE PAST 12 MONTHS (IN 2013 INFLATION-ADJUSTED DOLLARS)!!Population 25 years and over with earnings!!Some college or associate's degree","Female!!Margin of Error!!MEDIAN EARNINGS IN THE PAST 12 MONTHS (IN 2013 INFLATION-ADJUSTED DOLLARS)!!Population 25 years and over with earnings!!Some college or associate's degree","Total!!Estimate!!MEDIAN EARNINGS IN THE PAST 12 MONTHS (IN 2013 INFLATION-ADJUSTED DOLLARS)!!Population 25 years and over with earnings!!Bachelor's degree","Total!!Margin of Error!!MEDIAN EARNINGS IN THE PAST 12 MONTHS (IN 2013 INFLATION-ADJUSTED DOLLARS)!!Population 25 years and over with earnings!!Bachelor's degree","Male!!Estimate!!MEDIAN EARNINGS IN THE PAST 12 MONTHS (IN 2013 INFLATION-ADJUSTED DOLLARS)!!Population 25 years and over with earnings!!Bachelor's degree","Male!!Margin of Error!!MEDIAN EARNINGS IN THE PAST 12 MONTHS (IN 2013 INFLATION-ADJUSTED DOLLARS)!!Population 25 years and over with earnings!!Bachelor's degree","Female!!Estimate!!MEDIAN EARNINGS IN THE PAST 12 MONTHS (IN 2013 INFLATION-ADJUSTED DOLLARS)!!Population 25 years and over with earnings!!Bachelor's degree","Female!!Margin of Error!!MEDIAN EARNINGS IN THE PAST 12 MONTHS (IN 2013 INFLATION-ADJUSTED DOLLARS)!!Population 25 years and over with earnings!!Bachelor's degree","Total!!Estimate!!MEDIAN EARNINGS IN THE PAST 12 MONTHS (IN 2013 INFLATION-ADJUSTED DOLLARS)!!Population 25 years and over with earnings!!Graduate or professional degree","Total!!Margin of Error!!MEDIAN EARNINGS IN THE PAST 12 MONTHS (IN 2013 INFLATION-ADJUSTED DOLLARS)!!Population 25 years and over with earnings!!Graduate or professional degree","Male!!Estimate!!MEDIAN EARNINGS IN THE PAST 12 MONTHS (IN 2013 INFLATION-ADJUSTED DOLLARS)!!Population 25 years and over with earnings!!Graduate or professional degree","Male!!Margin of Error!!MEDIAN EARNINGS IN THE PAST 12 MONTHS (IN 2013 INFLATION-ADJUSTED DOLLARS)!!Population 25 years and over with earnings!!Graduate or professional degree","Female!!Estimate!!MEDIAN EARNINGS IN THE PAST 12 MONTHS (IN 2013 INFLATION-ADJUSTED DOLLARS)!!Population 25 years and over with earnings!!Graduate or professional degree","Female!!Margin of Error!!MEDIAN EARNINGS IN THE PAST 12 MONTHS (IN 2013 INFLATION-ADJUSTED DOLLARS)!!Population 25 years and over with earnings!!Graduate or professional degree","Total!!Estimate!!PERCENT IMPUTED!!Educational attainment","Total!!Margin of Error!!PERCENT IMPUTED!!Educational attainment","Male!!Estimate!!PERCENT IMPUTED!!Educational attainment","Male!!Margin of Error!!PERCENT IMPUTED!!Educational attainment","Female!!Estimate!!PERCENT IMPUTED!!Educational attainment","Female!!Margin of Error!!PERCENT IMPUTED!!Educational attainment",
"0500000US18105","Monroe County, Indiana","40354","170","20375","91","19979","156","3.8","1.0","4.1","1.5","3.6","1.2","19.5","1.8","20.5","2.4","18.6","2.2","65.1","2.5","66.4","3.6","63.7","3.4","11.6","1.4","9.0","1.9","14.2","1.9","76643","170","37422","131","39221","175","2.4","0.5","2.5","0.7","2.3","0.6","5.6","0.6","5.7","1.0","5.6","0.7","23.4","1.1","23.0","1.6","23.8","1.4","18.7","1.1","18.0","1.5","19.4","1.4","6.4","0.7","5.9","0.8","6.8","1.0","21.6","1.0","22.5","1.3","20.7","1.4","21.9","1.0","22.3","1.5","21.4","1.1","91.9","0.8","91.8","1.3","92.1","0.9","43.4","1.2","44.9","1.6","42.1","1.4","19805","227","10319","124","9486","209","94.6","1.1","94.1","1.9","95.2","1.4","53.2","2.8","50.6","3.5","56.0","3.7","14368","192","7338","131","7030","115","93.9","1.6","93.0","2.9","94.9","1.8","48.6","3.3","47.7","4.1","49.6","3.9","27902","182","13492","149","14410","131","93.2","1.2","93.2","1.7","93.1","1.5","38.9","2.1","40.4","2.6","37.4","2.5","14568","88","6273","68","8295","46","84.0","1.9","83.6","3.2","84.3","2.3","33.8","2.5","41.6","3.4","27.9","3.1","27.4","4.9","28.8","8.0","26.0","5.9","12.3","1.7","10.4","2.2","14.1","2.5","13.5","2.0","13.0","2.5","13.9","2.8","8.9","1.1","8.9","1.7","9.0","1.5","32043","714","37548","1671","28113","1185","17211","1516","19378","2388","15215","1844","28700","1490","32807","1800","24361","1733","30191","1259","34011","2671","26723","1650","35805","2476","43170","2216","30273","3269","46701","2800","54515","6382","42426","3674","4.2","(X)","(X)","(X)","(X)","(X)",
"1400000US18105000100","Census Tract 1, Monroe County, Indiana","3313","573","2052","488","1261","488","1.4","1.1","1.9","1.7","0.5","1.1","3.1","2.0","4.1","3.4","1.4","1.9","83.5","5.6","87.2","6.5","77.5","12.6","12.0","4.6","6.7","4.7","20.6","11.4","1621","286","975","254","646","135","0.8","1.1","1.3","1.8","0.0","4.5","8.1","4.9","9.3","7.7","6.2","4.7","12.2","6.5","13.5","9.2","10.2","10.9","16.6","6.9","21.2","9.4","9.6","5.7","3.0","4.1","4.1","6.7","1.2","2.0","24.7","8.8","27.6","10.3","20.3","11.2","34.7","10.3","22.9","10.6","52.5","12.9","91.1","5.1","89.3","8.1","93.8","4.7","59.3","9.7","50.5","12.1","72.8","12.8","1032","258","635","240","397","128","94.7","2.8","94.2","4.8","95.5","4.2","71.0","9.5","60.0","12.5","88.7","7.9","231","92","135","71","96","54","94.8","6.5","91.1","11.5","100.0","26.3","52.8","24.2","37.0","30.8","75.0","26.2","205","80","148","74","57","24","89.8","13.6","95.3","7.8","75.4","29.5","36.6","20.0","35.1","22.1","40.4","45.8","153","138","57","70","96","72","63.4","20.8","15.8","37.1","91.7","15.0","20.9","30.1","15.8","37.1","24.0","29.7","28.9","33.2","14.7","29.6","72.7","48.9","38.1","28.9","69.1","20.1","0.0","34.6","49.0","30.9","55.1","37.0","21.3","31.2","43.9","11.0","39.2","18.1","48.8","13.1","16231","7317","18977","12163","14688","6359","10179","15077","4583","21096","10893","15040","28750","32368","10469","9521","-","**","15761","10312","20019","19308","15208","12804","11875","13818","22850","24965","10665","6361","20645","5367","39896","39522","17083","9537","7.6","(X)","(X)","(X)","(X)","(X)",
"1400000US18105000201","Census Tract 2.01, Monroe County, Indiana","5552","488","2480","293","3072","396","0.0","0.5","0.0","1.2","0.0","1.0","32.9","4.9","36.0","8.2","30.5","5.1","63.6","5.3","62.4","8.3","64.5","5.9","3.5","1.8","1.6","1.6","5.0","2.6","948","185","533","131","415","105","0.0","3.1","0.0","5.5","0.0","7.0","3.1","4.7","5.4","8.4","0.0","7.0","4.7","4.2","5.8","6.4","3.4","5.1","4.9","3.4","7.1","5.4","1.9","3.6","8.8","6.9","6.8","7.1","11.3","10.3","35.7","9.7","32.5","14.7","39.8","12.9","42.9","11.1","42.4","14.9","43.6","14.1","96.9","4.7","94.6","8.4","100.0","7.0","78.6","8.2","74.9","9.5","83.4","11.4","583","154","311","114","272","90","100.0","5.0","100.0","9.2","100.0","10.4","76.7","11.9","74.0","12.6","79.8","15.5","219","121","136","90","83","54","86.8","17.0","78.7","23.6","100.0","29.5","79.0","25.9","66.2","36.7","100.0","29.5","144","93","85","78","59","38","100.0","18.7","100.0","28.9","100.0","37.0","85.4","22.8","91.8","17.5","76.3","29.9","2","4","1","3","1","4","100.0","100.0","100.0","100.0","100.0","100.0","100.0","100.0","100.0","100.0","100.0","100.0","100.0","52.9","100.0","52.9","-","**","60.9","54.4","0.0","95.0","100.0","76.1","46.8","34.2","45.2","37.8","48.9","51.1","57.1","17.3","65.0","18.5","48.6","18.9","11610","2297","11294","1474","13672","7061","-","**","-","**","-","**","-","**","-","**","-","**","2656","40732","2,500-","***","-","**","7292","6934","10660","6574","6284","2269","16853","6026","16429","11002","16989","8737","7.1","(X)","(X)","(X)","(X)","(X)",
"1400000US18105000202","Census Tract 2.02, Monroe County, Indiana","6386","414","3090","330","3296","312","0.1","0.2","0.3","0.4","0.0","0.9","30.1","4.9","29.6","6.7","30.5","6.2","67.8","4.9","68.7","6.6","66.8","6.6","2.1","1.1","1.4","1.5","2.7","2.1","181","110","118","95","63","54","0.0","15.2","0.0","22.2","0.0","35.6","8.8","13.5","13.6","20.7","0.0","35.6","6.1","9.4","9.3","14.5","0.0","35.6","23.2","21.0","28.8","26.5","12.7","26.8","21.0","17.6","16.1","25.5","30.2","32.5","12.2","19.0","18.6","32.2","0.0","35.6","28.7","27.8","13.6","22.5","57.1","37.2","91.2","13.5","86.4","20.7","100.0","35.6","40.9","31.7","32.2","38.0","57.1","37.2","119","90","91","85","28","33","100.0","22.0","100.0","27.5","100.0","53.8","42.9","41.6","41.8","51.8","46.4","53.6","24","32","0","16","24","32","100.0","58.2","-","**","100.0","58.2","50.0","50.0","-","**","50.0","50.0","38","46","27","44","11","17","57.9","32.6","40.7","6.3","100.0","85.9","28.9","54.3","0.0","54.8","100.0","85.9","0","16","0","16","0","16","-","**","-","**","-","**","-","**","-","**","-","**","100.0","71.2","100.0","71.2","-","**","100.0","85.9","100.0","85.9","-","**","100.0","82.2","-","**","100.0","82.2","0.0","85.9","-","**","0.0","85.9","15045","8368","12240","20892","15417","15518","-","**","-","**","-","**","-","**","-","**","-","**","15893","31471","38750","23653","-","**","-","**","-","**","-","**","16607","9657","-","**","-","**","18.2","(X)","(X)","(X)","(X)","(X)",
"1400000US18105000301","Census Tract 3.01, Monroe County, Indiana","2955","775","1739","608","1216","434","0.6","1.0","0.0","1.7","1.4","2.7","7.9","4.1","9.3","6.0","6.0","4.4","74.7","10.0","75.5","13.0","73.4","14.3","16.9","7.2","15.2","9.4","19.2","11.5","1919","260","956","200","963","177","0.0","1.5","0.0","3.1","0.0","3.1","2.3","2.7","0.5","0.9","4.2","5.1","15.3","5.8","8.6","6.6","21.9","8.7","10.6","4.0","10.5","5.4","10.8","6.0","5.7","3.9","8.5","6.7","3.0","4.0","34.5","7.0","37.6","11.4","31.5","9.2","31.5","6.4","34.4","10.8","28.7","9.2","97.7","2.7","99.5","0.9","95.8","5.1","66.0","7.8","72.0","8.6","60.1","10.9","761","207","413","156","348","119","100.0","3.9","100.0","7.0","100.0","8.3","77.7","10.8","78.7","13.0","76.4","14.9","438","133","225","90","213","99","100.0","6.6","100.0","12.5","100.0","13.1","59.4","20.2","62.2","25.2","56.3","27.7","447","85","204","45","243","86","91.1","10.5","100.0","13.6","83.5","18.0","72.0","15.4","82.4","18.7","63.4","22.4","273","68","114","49","159","53","98.2","3.2","95.6","7.7","100.0","17.1","34.4","19.8","48.2","29.5","24.5","21.6","22.7","43.9","0.0","100.0","25.6","53.6","29.7","19.4","41.5","37.9","25.1","31.8","3.8","5.9","2.8","5.8","5.3","9.8","10.3","5.6","9.8","8.4","10.9","8.3","24000","6821","25114","11885","23925","6561","18534","4348","-","**","-","**","16932","24166","16591","38601","25536","30320","30056","5453","31571","2127","24213","6819","19833","4796","20500","8289","18125","6310","34808","10040","21500","37507","36818","6395","7.0","(X)","(X)","(X)","(X)","(X)",
"1400000US18105000302","Census Tract 3.02, Monroe County, Indiana","1562","371","873","386","689","258","1.2","1.2","0.0","3.4","2.6","2.6","8.8","4.1","8.6","6.2","9.1","7.4","82.2","7.9","86.8","10.2","76.3","12.1","7.8","5.8","4.6","5.7","11.9","9.2","1554","183","713","140","841","108","0.7","1.1","0.0","4.1","1.3","2.0","1.0","1.3","0.1","0.3","1.7","2.5","7.7","4.7","8.8","7.2","6.8","4.6","11.8","4.8","11.2","8.0","12.4","6.7","1.6","1.9","2.2","3.4","1.1","2.0","19.1","6.2","14.9","6.6","22.7","9.0","58.0","8.3","62.7","8.9","54.1","12.3","98.3","1.8","99.9","0.3","97.0","3.2","77.2","7.0","77.6","9.6","76.8","9.1","320","136","188","79","132","75","100.0","8.9","100.0","14.7","100.0","20.2","76.3","16.5","59.6","26.7","100.0","20.2","215","95","73","44","142","72","100.0","13.0","100.0","32.3","100.0","18.9","97.2","4.8","100.0","32.3","95.8","7.3","656","105","296","75","360","68","96.0","4.1","99.7","0.8","93.1","7.1","66.8","11.4","74.0","13.9","60.8","15.4","363","51","156","46","207","44","100.0","7.9","100.0","17.4","100.0","13.5","84.8","8.1","95.5","8.1","76.8","12.2","0.0","58.2","-","**","0.0","58.2","9.2","13.9","0.0","35.6","19.3","26.8","41.6","23.6","53.1","40.7","31.9","33.0","7.8","5.6","1.4","2.3","13.3","9.1","40677","14061","42604","28043","40625","15358","-","**","-","**","-","**","13547","1516","14054","30459","11648","10381","7250","20435","13359","12559","5556","41051","33654","34670","61477","31196","27321","28192","62976","22943","56607","29113","64375","19886","2.1","(X)","(X)","(X)","(X)","(X)",
"1400000US18105000401","Census Tract 4.01, Monroe County, Indiana","1229","322","372","220","857","247","5.5","7.0","8.6","12.9","4.1","5.2","14.2","12.6","36.0","30.8","4.7","5.6","65.3","12.9","42.5","25.9","75.3","10.6","15.1","7.3","12.9","15.3","16.0","8.4","2338","198","1073","166","1265","157","2.3","2.0","0.0","2.8","4.2","3.8","2.4","1.6","1.4","1.5","3.2","2.8","24.0","6.0","24.7","9.3","23.4","6.7","26.8","6.7","22.5","9.5","30.5","8.8","7.5","4.8","6.8","6.6","8.1","6.8","23.8","6.7","31.0","10.2","17.6","7.1","13.3","4.6","13.6","7.8","13.0","5.4","95.4","2.6","98.6","1.5","92.6","4.7","37.0","8.3","44.6","11.9","30.6","8.4","699","171","284","98","415","119","94.3","5.3","96.8","4.8","92.5","8.4","54.6","13.5","56.0","17.5","53.7","16.4","499","146","278","116","221","94","100.0","5.8","100.0","10.2","100.0","12.7","35.9","19.2","42.4","24.6","27.6","21.1","739","171","399","131","340","92","96.3","4.1","98.5","2.4","93.8","8.7","32.6","14.8","46.4","21.2","16.5","11.9","401","120","112","65","289","84","89.8","7.9","100.0","23.2","85.8","10.6","16.0","9.7","15.2","17.6","16.3","11.0","57.4","26.5","60.0","58.0","57.0","28.9","15.0","9.8","1.9","2.9","26.7","16.8","13.9","7.9","10.6","11.4","16.0","12.0","10.5","6.3","15.2","10.0","4.7","5.1","25462","3700","28304","8533","22389","3461","13056","6424","-","**","-","**","26442","4872","30208","41316","21136","9005","29167","9830","37986","36035","27552","10002","21962","2698","24079","7586","21229","2752","30694","9495","53654","51987","27368","7036","2.7","(X)","(X)","(X)","(X)","(X)",
"1400000US18105000402","Census Tract 4.02, Monroe County, Indiana","744","205","458","187","286","119","6.2","5.7","10.0","8.6","0.0","9.9","12.0","9.3","16.4","14.0","4.9","6.0","38.7","13.2","45.9","19.0","27.3","16.2","43.1","16.0","27.7","15.6","67.8","18.8","2530","247","1195","153","1335","196","1.6","1.4","1.3","1.3","1.9","2.4","4.2","2.5","4.6","3.4","3.7","2.6","22.1","6.3","19.6","9.0","24.3","7.4","25.9","5.9","22.5","8.5","28.9","7.4","7.5","3.3","7.2","4.0","7.9","4.5","21.3","5.5","21.7","7.5","21.0","7.8","17.4","4.6","23.2","8.5","12.3","5.0","94.3","2.6","94.1","3.6","94.4","3.4","38.7","7.1","44.9","10.4","33.3","8.8","1086","243","517","153","569","148","98.6","1.7","100.0","5.6","97.4","3.2","49.1","12.1","54.0","16.1","44.6","15.0","630","141","262","94","368","99","97.0","3.3","92.7","8.3","100.0","7.8","43.3","14.5","46.2","24.1","41.3","17.1","584","126","321","81","263","100","94.3","7.1","95.0","5.9","93.5","9.5","21.2","13.9","33.3","20.8","6.5","7.4","230","55","95","41","135","46","66.1","19.9","63.2","27.5","68.1","22.7","21.7","15.5","30.5","24.1","15.6","16.8","42.1","25.2","17.1","19.6","65.3","33.1","34.2","16.5","28.6","22.6","38.2","17.0","17.3","9.1","9.0","9.7","23.2","12.8","8.0","5.6","5.4","6.8","11.0","10.0","26563","4325","38750","12235","23146","3113","31136","8139","33875","17573","-","**","22344","15306","26071","26850","13802","12229","30054","8742","39643","9075","24000","4242","27269","9778","27440","32876","26667","10366","40200","28441","46122","23380","25313","13055","2.9","(X)","(X)","(X)","(X)","(X)",
"1400000US18105000501","Census Tract 5.01, Monroe County, Indiana","533","203","284","155","249","105","16.3","14.3","27.8","21.7","3.2","6.3","50.3","15.3","52.5","19.8","47.8","22.6","22.7","14.3","10.6","11.4","36.5","23.5","10.7","9.0","9.2","9.1","12.4","11.1","2999","269","1373","163","1626","194","3.2","1.7","2.3","2.8","4.1","2.2","8.8","3.4","13.0","6.7","5.3","2.5","29.2","5.2","25.1","7.6","32.7","6.2","24.4","5.6","23.4","7.1","25.2","7.6","7.6","2.8","7.8","4.6","7.5","3.8","16.9","5.5","18.7","7.5","15.4","5.7","9.8","3.4","9.7","3.9","9.9","4.1","87.9","3.5","84.7","6.9","90.7","3.5","26.7","6.1","28.4","8.1","25.3","6.4","836","188","341","98","495","123","92.9","5.4","90.3","12.0","94.7","5.3","37.9","14.5","45.7","20.2","32.5","15.1","541","135","340","111","201","82","74.7","13.9","65.6","20.1","90.0","11.3","30.1","13.1","26.8","17.1","35.8","23.2","897","117","420","86","477","74","95.3","4.1","93.6","7.7","96.9","3.6","20.0","7.1","20.5","10.3","19.5","8.5","725","127","272","80","453","115","82.9","8.3","87.9","14.4","79.9","9.3","19.6","10.9","21.0","13.4","18.8","12.6","27.2","16.4","35.3","25.0","14.4","16.4","14.6","7.6","0.0","8.8","24.9","12.6","8.9","7.0","4.1","4.7","12.7","11.2","4.8","4.7","5.6","6.1","4.1","5.3","30378","5035","35263","8979","20700","3650","14844","7408","14531","7729","15139","15009","21985","10482","39688","11261","16431","1462","30656","4605","32926","3363","24813","9780","61842","16016","70893","14573","60197","36890","35750","23510","43229","14573","20357","16742","1.7","(X)","(X)","(X)","(X)","(X)",
"1400000US18105000502","Census Tract 5.02, Monroe County, Indiana","386","156","247","146","139","63","5.4","5.7","4.5","7.3","7.2","9.8","26.2","16.2","22.7","19.9","32.4","22.8","68.4","18.3","72.9","23.6","60.4","24.6","0.0","7.5","0.0","11.4","0.0","19.3","2230","224","1061","134","1169","146","1.9","1.6","1.4","1.8","2.4","2.5","5.6","3.4","7.7","6.4","3.6","2.8","37.3","7.2","39.8","8.4","35.0","8.9","20.0","5.6","15.5","7.6","24.1","8.4","9.8","4.0","5.7","3.8","13.5","6.9","17.5","5.5","19.7","7.9","15.6","6.0","7.9","3.0","10.2","4.6","5.8","3.2","92.5","3.5","90.9","6.5","94.0","3.5","25.4","5.9","29.9","8.4","21.4","6.4","511","152","238","90","273","95","84.1","10.2","76.9","23.5","90.5","9.9","31.5","15.3","28.2","17.6","34.4","18.7","520","157","292","92","228","90","98.7","3.1","99.0","2.4","98.2","4.4","41.7","14.9","45.2","19.7","37.3","16.2","671","162","308","97","363","93","100.0","4.4","100.0","9.3","100.0","7.9","21.9","8.2","28.6","15.6","16.3","9.1","528","165","223","78","305","109","85.0","9.4","82.5","14.1","86.9","9.9","8.0","6.2","13.5","12.3","3.9","5.8","26.3","24.0","27.8","33.3","24.3","32.6","18.4","10.8","25.1","13.4","11.5","10.7","11.7","9.6","0.0","12.5","17.7","13.8","7.6","7.6","10.1","10.3","4.4","7.3","28313","2339","27540","3656","29063","3390","18244","7935","18036","9474","-","**","27045","3864","26795","1989","28188","9937","25856","8436","15781","19735","27083","9149","36058","8186","39875","13113","30476","10126","44671","6323","44408","11241","45500","12989","1.9","(X)","(X)","(X)","(X)","(X)",
"1400000US18105000601","Census Tract 6.01, Monroe County, Indiana","669","267","328","156","341","153","16.0","11.3","11.9","14.2","19.9","16.9","12.7","10.5","18.0","18.6","7.6","10.1","61.4","19.3","62.8","24.2","60.1","22.0","9.9","7.4","7.3","9.4","12.3","10.0","2322","319","1136","250","1186","178","7.6","4.8","11.2","7.6","4.1","3.6","14.9","5.6","16.1","9.5","13.7","7.1","24.6","6.8","24.4","9.2","24.9","9.6","23.8","7.0","18.8","8.3","28.6","9.0","4.3","2.3","7.4","4.5","1.3","1.9","14.9","6.0","11.5","6.8","18.2","8.2","9.9","5.1","10.6","5.7","9.2","6.0","77.6","8.3","72.7","13.9","82.2","7.5","24.8","8.4","22.1","9.5","27.4","10.0","818","209","366","141","452","121","83.6","12.8","77.0","22.0","88.9","9.9","37.0","13.5","38.5","17.7","35.8","15.6","421","189","270","177","151","64","67.0","29.9","48.5","38.4","100.0","17.9","30.6","24.2","16.3","21.6","56.3","32.7","903","156","422","132","481","114","77.5","9.6","84.6","11.4","71.3","13.6","10.7","6.1","9.5","8.2","11.9","8.2","180","77","78","44","102","48","75.0","20.1","71.8","25.1","77.5","23.6","26.1","17.9","33.3","26.2","20.6","20.8","30.1","18.6","28.1","28.9","33.2","20.0","33.0","13.2","27.4","17.1","38.5","20.9","42.0","14.7","34.2","19.1","48.5","19.2","14.6","8.7","20.7","14.8","9.8","11.4","22159","3924","25451","7897","13500","8068","22324","1299","22388","1105","4615","43427","25625","20430","33819","21384","7321","25957","15855","6228","29333","9934","8350","8156","26719","9190","31250","9413","21797","15350","40500","11698","38750","28945","46923","29936","2.2","(X)","(X)","(X)","(X)","(X)",
"1400000US18105000602","Census Tract 6.02, Monroe County, Indiana","1360","448","435","256","925","371","8.9","10.1","7.8","10.7","9.4","13.6","7.0","4.9","7.6","8.9","6.7","6.9","68.7","16.4","67.8","22.0","69.1","20.6","15.4","11.6","16.8","13.1","14.8","14.4","1289","353","658","255","631","191","17.4","13.1","8.4","8.5","26.8","19.8","11.3","9.4","16.6","14.9","5.9","5.8","21.2","8.3","33.1","11.6","8.7","7.3","22.0","9.8","26.4","14.7","17.3","11.3","14.0","10.3","12.9","12.4","15.1","14.1","5.9","4.5","2.1","3.2","9.8","8.5","8.3","5.5","0.5","1.1","16.5","10.9","71.3","13.0","75.1","13.4","67.4","19.2","14.2","7.7","2.6","3.4","26.3","13.7","279","161","181","142","98","64","82.8","16.1","89.0","18.6","71.4","26.2","19.4","18.7","0.0","15.2","55.1","33.1","377","222","167","142","210","112","68.7","22.0","79.0","18.2","60.5","30.8","9.3","10.3","8.4","15.3","10.0","13.2","552","162","286","186","266","124","64.5","18.2","61.9","21.7","67.3","24.6","15.2","11.7","0.7","2.8","30.8","24.8","81","55","24","22","57","44","90.1","15.7","100.0","58.2","86.0","20.9","12.3","21.1","4.2","11.1","15.8","28.9","45.4","33.4","69.5","34.3","26.2","31.4","38.5","24.2","34.4","29.2","54.5","42.0","30.0","18.6","13.5","12.3","51.0","29.7","1.1","4.2","11.8","53.9","0.0","16.5","18972","4219","17161","4150","25019","11096","17069","9801","23571","16265","16422","3980","16105","1609","16079","1635","-","**","25840","12868","21875","39987","-","**","33516","13902","-","**","34609","17249","18320","2656","4375","10516","18438","2717","13.8","(X)","(X)","(X)","(X)","(X)",
"1400000US18105000700","Census Tract 7, Monroe County, Indiana","144","64","90","54","54","34","27.8","23.9","34.4","31.0","16.7","26.4","31.9","23.9","42.2","29.8","14.8","25.6","31.9","20.7","23.3","21.9","46.3","28.1","8.3","9.5","0.0","27.7","22.2","23.0","2023","177","969","93","1054","112","3.4","2.1","2.1","2.1","4.6","2.8","2.5","1.7","3.8","2.8","1.3","1.8","24.1","4.9","24.8","7.8","23.5","6.7","16.6","4.2","13.8","6.0","19.1","5.9","10.3","4.4","5.8","4.8","14.4","6.4","21.1","4.5","24.1","8.0","18.2","6.6","22.1","5.0","25.6","7.7","18.9","5.6","94.1","2.8","94.1","3.6","94.1","3.1","43.2","5.8","49.7","8.1","37.1","7.3","357","124","170","66","187","81","97.5","4.0","95.9","7.1","98.9","4.0","39.2","14.6","35.9","21.0","42.2","18.0","342","99","180","66","162","62","100.0","8.4","100.0","15.3","100.0","16.8","66.4","18.9","68.3","22.0","64.2","22.9","829","99","404","59","425","68","97.9","2.7","98.0","3.5","97.9","3.8","41.6","10.2","52.0","13.1","31.8","11.8","495","76","215","51","280","51","81.2","9.8","80.5","13.8","81.8","9.1","32.5","12.1","40.9","17.6","26.1","11.2","24.4","24.6","31.6","29.0","17.7","24.4","6.4","6.3","3.8","5.8","8.9","8.1","1.5","2.2","0.0","14.6","2.3","3.4","2.4","2.6","2.7","3.8","2.0","3.2","37156","5422","49750","11816","30897","3517","36875","60122","-","**","-","**","28021","10752","19464","20180","37850","18313","30304","3919","40800","9334","23839","10675","50500","26061","63225","11230","26550","20635","61397","23277","91500","47434","45096","11912","2.2","(X)","(X)","(X)","(X)","(X)",
"1400000US18105000800","Census Tract 8, Monroe County, Indiana","1036","373","640","335","396","200","2.5","3.1","1.4","2.4","4.3","7.2","8.2","6.7","5.3","6.6","12.9","12.5","67.9","15.5","78.0","17.7","51.5","26.8","21.4","11.7","15.3","13.0","31.3","21.4","4047","340","1996","197","2051","254","1.3","1.5","0.8","1.3","1.8","2.5","2.8","2.1","2.1","2.4","3.5","3.4","11.1","3.6","10.7","4.3","11.6","4.9","15.6","5.8","13.0","6.3","18.1","8.0","2.3","1.7","1.1","1.7","3.5","2.9","26.6","5.1","30.1","7.7","23.2","6.7","40.3","5.9","42.2","8.6","38.4","8.5","95.9","2.8","97.1","2.7","94.7","4.2","66.9","6.8","72.3","7.5","61.6","8.9","1009","226","532","151","477","160","100.0","2.9","100.0","5.5","100.0","6.1","66.2","14.3","60.5","17.4","72.5","18.4","645","193","389","126","256","125","91.5","8.7","100.0","7.4","78.5","18.6","67.1","16.2","67.4","21.2","66.8","19.8","1134","106","514","63","620","81","93.6","6.5","93.2","8.9","93.9","6.2","75.2","8.5","75.7","13.0","74.8","10.3","1259","189","561","122","698","133","96.9","3.0","95.9","5.1","97.7","3.7","59.8","12.5","84.0","12.1","40.4","16.6","32.5","32.7","0.0","39.9","54.7","38.8","14.3","11.4","23.6","20.2","5.9","8.9","21.6","14.5","31.3","25.8","15.4","17.8","5.5","3.5","9.7","6.6","0.8","1.1","33357","5862","43239","10429","29413","3573","16029","12756","-","**","12198","6032","21885","5520","29125","15098","11563","15137","14549","3699","13507","2748","16974","25085","44667","6772","46659","7518","36307","17474","45543","14986","53942","13100","35357","11739","5.8","(X)","(X)","(X)","(X)","(X)",
"1400000US18105000901","Census Tract 9.01, Monroe County, Indiana","1084","266","679","283","405","138","1.8","2.8","2.8","4.7","0.0","7.1","4.3","4.8","3.4","5.1","5.9","9.7","83.6","9.6","90.7","8.7","71.6","17.9","10.3","6.8","3.1","3.7","22.5","15.1","1486","222","809","156","677","123","1.7","2.0","3.2","3.7","0.0","4.3","3.8","3.4","4.4","4.7","3.1","5.1","11.6","8.0","7.9","7.1","16.1","11.2","15.4","6.3","23.7","10.2","5.5","4.3","2.0","1.8","2.8","2.9","0.9","1.4","20.1","7.2","21.3","11.7","18.8","7.6","45.3","10.5","36.6","11.3","55.7","13.0","94.4","3.9","92.3","5.8","96.9","5.1","65.4","10.3","57.8","11.8","74.4","12.7","503","170","300","144","203","76","89.3","8.6","82.0","16.4","100.0","13.7","66.6","14.8","56.0","23.0","82.3","18.2","134","71","106","51","28","35","100.0","19.9","100.0","24.3","100.0","53.8","32.1","24.8","40.6","27.4","0.0","53.8","500","144","257","87","243","68","98.4","2.0","96.9","3.9","100.0","11.6","73.4","18.1","61.5","18.9","86.0","22.3","349","56","146","36","203","48","94.0","9.8","100.0","18.5","89.7","16.3","65.0","13.7","67.8","15.5","63.1","17.7","25.3","34.2","33.9","41.0","0.0","62.2","17.9","21.8","21.9","27.1","15.6","21.3","7.4","8.7","5.6","9.0","16.3","29.0","10.6","7.0","7.1","7.4","13.9","9.6","25724","9823","36629","9894","13200","2504","14750","6946","14750","6946","-","**","33750","29404","35603","1385","-","**","21696","17078","21369","20944","-","**","25135","2606","25270","2632","14375","34200","40227","16881","82059","15140","12500","6394","3.8","(X)","(X)","(X)","(X)","(X)",
"1400000US18105000903","Census Tract 9.03, Monroe County, Indiana","1268","348","659","244","609","269","1.3","2.0","0.0","4.4","2.6","4.3","17.0","10.6","12.9","10.7","21.5","14.6","43.5","17.3","48.3","23.4","38.3","22.7","38.2","14.6","38.8","20.2","37.6","21.2","3150","314","1475","215","1675","212","0.9","1.2","0.8","1.3","0.9","1.6","2.1","2.0","3.4","3.9","0.9","1.5","8.3","2.9","9.6","5.0","7.1","3.5","16.6","5.4","10.3","6.4","22.1","8.0","2.4","1.7","1.4","2.3","3.3","2.5","30.8","6.9","33.7","10.1","28.2","8.6","39.0","8.0","40.8","11.1","37.5","9.5","97.1","2.4","95.8","4.0","98.2","2.2","69.8","6.1","74.5","8.1","65.7","8.4","1070","249","443","166","627","193","98.6","2.3","100.0","6.5","97.6","4.0","68.6","14.1","63.7","19.2","72.1","17.9","575","218","340","127","235","138","100.0","5.1","100.0","8.4","100.0","12.0","99.7","0.8","99.4","1.3","100.0","12.0","889","149","417","96","472","83","98.2","2.6","96.6","5.6","99.6","1.3","66.4","14.2","70.0","17.3","63.1","16.8","616","111","275","101","341","84","90.1","10.5","82.5","19.2","96.2","7.5","49.0","13.0","68.0","20.0","33.7","18.4","64.2","39.9","77.4","43.5","21.1","51.5","19.8","16.2","23.4","24.2","15.0","21.6","41.2","16.5","43.4","33.1","40.4","16.3","14.6","6.8","9.8","7.3","19.5","9.5","22410","9631","23214","12412","21923","13092","-","**","-","**","-","**","28878","9633","28590","23462","-","**","19459","8398","19107","31712","19542","22815","22273","13236","34327","47348","16563","15249","30625","21219","21659","22858","33646","28765","1.3","(X)","(X)","(X)","(X)","(X)",
"1400000US18105000904","Census Tract 9.04, Monroe County, Indiana","2213","456","1104","404","1109","275","0.0","1.3","0.0","2.7","0.0","2.7","16.1","7.2","19.3","11.0","12.9","8.8","70.9","8.6","70.2","14.2","71.6","10.5","13.0","7.2","10.5","9.1","15.5","11.5","2641","243","1348","174","1293","164","0.0","1.1","0.0","2.2","0.0","2.3","1.8","1.7","1.0","1.1","2.7","3.4","13.1","3.8","8.9","4.4","17.4","5.9","10.9","4.2","8.1","4.7","13.9","7.0","4.9","2.5","3.1","2.9","6.8","4.4","31.7","6.6","37.8","11.3","25.4","7.8","37.5","6.4","41.1","11.3","33.8","8.7","98.2","1.7","99.0","1.1","97.3","3.4","69.3","6.5","78.9","8.0","59.2","8.4","611","204","362","154","249","102","95.7","7.0","100.0","7.9","89.6","16.7","79.5","13.9","81.8","20.7","76.3","17.5","545","198","264","116","281","98","100.0","5.4","100.0","10.7","100.0","10.1","78.9","17.5","83.3","19.2","74.7","20.5","950","186","444","120","506","118","98.4","1.8","98.6","2.3","98.2","2.8","61.5","13.1","68.2","16.5","55.5","14.9","535","121","278","63","257","82","98.7","1.9","97.5","3.7","100.0","11.0","61.5","9.3","88.1","8.6","32.7","13.0","0.0","41.1","0.0","79.0","0.0","48.2","22.6","16.1","11.7","17.3","28.4","22.4","19.6","15.4","25.2","23.3","16.4","21.9","4.9","3.6","6.0","5.4","3.4","3.8","41763","10196","47656","31030","34280","13086","-","**","-","**","-","**","15833","15544","24940","18559","4961","8275","34821","29147","22153","111665","38250","21709","44554","21904","68555","43018","34934","21317","49583","23677","60394","28251","47941","36259","3.1","(X)","(X)","(X)","(X)","(X)",
"1400000US18105001001","Census Tract 10.01, Monroe County, Indiana","468","170","180","98","288","139","2.4","4.1","6.1","11.1","0.0","9.9","9.4","6.5","13.3","12.4","6.9","8.2","31.6","18.3","39.4","29.1","26.7","21.3","56.6","19.4","41.1","33.5","66.3","21.2","3275","230","1565","134","1710","161","1.3","1.4","0.0","1.9","2.5","2.6","0.3","0.4","0.0","1.9","0.5","0.8","6.1","3.5","6.6","4.4","5.7","3.7","9.3","3.2","9.2","4.8","9.3","4.0","3.1","1.7","4.7","3.0","1.5","1.7","30.2","5.7","29.8","7.6","30.6","6.9","49.8","6.8","49.7","9.1","49.8","7.6","98.4","1.6","100.0","1.9","97.0","3.0","80.0","5.8","79.5","7.0","80.5","6.6","371","161","201","93","170","90","100.0","7.8","100.0","13.8","100.0","16.1","73.6","16.2","65.7","23.4","82.9","20.1","697","129","317","84","380","82","96.4","5.6","100.0","9.0","93.4","10.3","92.1","7.4","97.2","4.7","87.9","13.3","1410","189","679","96","731","122","99.6","0.6","100.0","4.3","99.2","1.2","82.3","8.1","77.5","10.3","86.7","8.0","797","109","368","64","429","92","97.5","2.8","100.0","7.8","95.3","5.2","68.4","11.2","75.5","14.2","62.2","15.5","11.8","23.3","-","**","11.8","23.3","17.4","16.9","0.0","24.9","35.7","34.4","0.0","7.2","0.0","12.8","0.0","14.9","4.4","2.8","5.5","4.1","3.4","3.0","53025","11579","78750","18583","40517","7017","-","**","-","**","-","**","46467","21880","45652","19273","-","**","32610","11655","33051","14423","31563","25628","42104","18733","100341","44136","30152","18860","71413","10718","92969","12036","52337","10455","3.9","(X)","(X)","(X)","(X)","(X)",
"1400000US18105001002","Census Tract 10.02, Monroe County, Indiana","382","135","218","115","164","83","8.4","7.7","10.6","11.0","5.5","11.2","29.1","19.4","32.6","27.6","24.4","24.5","23.3","16.2","17.4","16.3","31.1","27.2","39.3","16.7","39.4","23.9","39.0","23.8","3941","274","1969","203","1972","199","1.2","1.0","0.7","1.0","1.7","1.7","1.2","1.3","1.1","2.1","1.3","1.5","12.2","4.0","7.9","5.0","16.4","5.5","15.4","4.7","13.1","5.5","17.7","6.4","4.4","2.3","2.1","2.7","6.7","3.7","36.4","5.5","41.0","8.3","31.7","7.1","29.2","5.9","34.1","8.0","24.4","5.9","97.6","1.5","98.2","2.3","97.0","2.1","65.6","6.4","75.1","8.1","56.1","7.9","1063","242","536","154","527","159","100.0","2.8","100.0","5.4","100.0","5.5","76.7","10.3","91.6","7.7","61.5","17.3","508","113","290","81","218","69","97.4","4.9","95.5","8.3","100.0","12.8","76.8","12.5","82.4","16.9","69.3","18.7","1499","176","804","131","695","97","98.4","1.9","98.9","2.1","97.8","3.5","68.4","11.0","73.1","14.5","63.0","11.7","871","91","339","70","532","91","93.5","4.3","96.2","6.0","91.7","5.9","40.8","11.7","47.5","16.5","36.5","12.7","13.8","20.0","37.1","62.2","0.0","37.0","3.1","4.7","0.6","1.5","4.3","7.0","7.2","8.2","0.3","0.8","11.4","12.6","8.4","4.3","6.5","4.9","10.9","8.0","46000","5399","56500","3840","40075","8769","31528","26524","-","**","-","**","26250","11527","22284","29560","27625","18968","33585","6688","40521","20994","31971","4035","55258","14454","57242","6686","39167","11245","65433","7113","72708","20170","63092","17053","0.4","(X)","(X)","(X)","(X)","(X)",
"1400000US18105001101","Census Tract 11.01, Monroe County, Indiana","766","228","353","156","413","159","4.2","6.2","0.0","8.1","7.7","11.5","42.7","16.1","43.6","23.5","41.9","16.9","21.4","12.7","29.2","19.6","14.8","9.8","31.7","13.2","27.2","18.0","35.6","14.7","3205","335","1653","252","1552","184","3.3","2.5","4.7","4.6","1.9","1.8","5.0","2.5","4.8","3.6","5.2","3.4","18.3","5.3","14.9","6.9","21.8","6.6","25.3","6.7","26.4","9.5","24.0","7.0","1.5","1.4","0.7","1.1","2.4","2.7","26.3","5.1","26.1","8.4","26.5","6.6","20.4","5.1","22.4","6.5","18.2","6.9","91.7","3.6","90.5","5.8","93.0","3.9","46.6","6.6","48.5","9.7","44.7","8.3","1294","333","773","227","521","173","93.0","5.2","94.6","6.1","90.8","9.6","60.3","11.2","59.5","15.7","61.4","14.8","565","128","293","98","272","78","95.6","4.5","92.5","8.3","98.9","2.1","42.5","15.7","38.6","20.1","46.7","19.8","924","185","421","133","503","101","88.9","6.9","86.5","12.0","90.9","7.4","32.0","10.5","34.9","16.1","29.6","13.4","422","73","166","55","256","71","88.6","9.8","78.3","21.9","95.3","6.4","42.4","18.6","49.4","26.5","37.9","25.9","56.8","21.4","45.1","32.7","74.0","26.1","21.2","11.6","32.8","24.2","12.7","9.2","15.9","10.1","23.2","16.0","7.9","9.3","13.2","5.4","14.7","7.9","11.6","6.4","26408","4645","31604","4328","22755","4653","15250","23340","32560","34927","-","**","22574","9468","17946","21604","24338","9947","25822","4525","31316","15891","21364","8752","31755","6124","34701","2449","19190","7002","24931","12180","21958","12818","37798","23512","4.7","(X)","(X)","(X)","(X)","(X)",
"1400000US18105001102","Census Tract 11.02, Monroe County, Indiana","609","187","305","109","304","148","25.3","16.6","40.7","24.9","9.9","9.0","18.7","12.5","28.5","22.8","8.9","10.4","42.5","13.4","18.4","19.5","66.8","16.4","13.5","9.7","12.5","11.3","14.5","12.3","2812","207","1245","152","1567","175","3.2","2.2","3.9","4.1","2.7","2.4","7.7","3.5","6.3","5.3","8.7","4.3","20.9","5.5","24.3","8.2","18.2","6.4","21.8","5.4","21.5","8.0","22.0","7.0","9.9","4.1","10.9","5.9","9.1","4.9","20.9","4.7","21.0","5.8","20.9","6.5","15.5","4.2","12.0","4.3","18.4","6.6","89.1","4.1","89.7","6.8","88.6","4.5","36.5","5.9","32.9","6.7","39.3","7.8","821","178","438","112","383","107","99.0","1.6","100.0","6.6","97.9","3.6","47.5","11.5","41.6","14.9","54.3","14.2","668","156","270","87","398","119","93.3","5.8","100.0","10.5","88.7","9.8","43.7","14.5","36.7","19.7","48.5","18.3","920","161","423","119","497","115","89.2","7.6","86.1","13.9","92.0","5.9","30.0","8.1","26.7","11.3","32.8","11.0","403","98","114","59","289","84","61.5","14.4","39.5","28.9","70.2","12.8","16.9","13.5","14.0","16.3","18.0","17.6","71.1","21.1","73.0","25.4","69.9","29.5","12.0","10.3","10.4","10.6","13.9","16.4","15.2","9.7","29.7","17.5","2.4","3.6","11.9","8.1","6.8","7.6","15.3","12.8","35116","7382","38785","4266","31162","6975","2,500-","***","2,500-","***","4028","576","29250","9939","31729","7347","20216","24487","31263","5569","38788","4437","22262","16952","39292","3059","39241","14697","39350","3603","52976","9617","68000","20882","47045","10718","4.0","(X)","(X)","(X)","(X)","(X)",
"1400000US18105001103","Census Tract 11.03, Monroe County, Indiana","234","130","70","50","164","113","35.5","26.2","8.6","15.4","47.0","35.5","18.4","15.7","17.1","20.1","18.9","21.1","42.7","21.2","62.9","27.8","34.1","29.0","3.4","5.9","11.4","17.1","0.0","16.6","2070","185","983","110","1087","149","0.7","0.8","0.6","1.0","0.8","1.2","9.7","5.3","3.3","2.9","15.5","7.8","41.1","9.2","46.9","11.1","35.9","9.7","21.4","5.3","24.9","8.7","18.1","6.5","5.6","3.4","2.1","2.5","8.6","5.7","11.5","4.6","9.2","5.1","13.7","5.7","10.0","5.1","13.0","6.7","7.3","4.5","89.6","5.4","96.1","3.2","83.6","7.9","21.5","6.4","22.2","7.6","21.0","7.2","487","171","271","82","216","131","81.9","13.8","93.0","8.7","68.1","20.4","16.8","12.0","14.0","11.9","20.4","18.0","439","87","188","60","251","60","97.9","3.8","100.0","14.7","96.4","6.7","29.4","15.3","18.1","14.4","37.8","20.3","833","106","414","54","419","79","93.8","4.8","98.3","2.5","89.3","9.2","19.9","9.0","26.3","12.1","13.6","8.7","311","43","110","27","201","39","78.5","9.8","89.1","11.8","72.6","11.9","22.2","12.5","33.6","20.6","15.9","13.1","3.2","6.4","0.0","46.2","3.9","8.0","2.8","3.7","1.1","2.1","4.9","7.8","7.5","6.5","13.5","13.0","2.1","3.0","5.4","6.0","4.6","6.7","6.1","6.2","32064","2979","34696","7183","29631","4673","14792","14170","25714","36663","14699","8487","30877","1680","30853","2642","30987","11161","33203","5044","44531","12291","30189","10838","53125","19517","66625","31446","41719","26382","65469","6054","65391","16150","70179","15983","0.5","(X)","(X)","(X)","(X)","(X)",
"1400000US18105001200","Census Tract 12, Monroe County, Indiana","389","201","244","152","145","78","57.6","32.1","69.3","30.4","37.9","36.7","11.1","13.8","16.4","21.5","2.1","9.2","31.4","24.1","14.3","19.1","60.0","32.8","0.0","7.4","0.0","11.6","0.0","18.6","4135","234","2162","173","1973","156","2.2","1.7","3.7","2.9","0.6","1.0","8.0","2.7","5.4","2.7","10.8","4.5","40.1","5.9","44.4","7.9","35.5","7.2","21.3","5.0","24.1","7.8","18.1","6.9","9.1","3.2","7.9","3.9","10.5","5.5","12.0","3.5","7.4","3.6","17.0","5.5","7.3","2.7","7.1","3.1","7.5","4.0","89.8","3.1","90.9","3.6","88.6","4.5","19.3","4.5","14.5","4.6","24.5","6.8","681","200","428","142","253","93","100.0","4.3","100.0","6.8","100.0","11.2","29.8","11.0","20.1","12.0","46.2","20.4","710","177","297","85","413","111","92.5","6.2","92.3","9.3","92.7","10.2","19.9","11.3","11.8","10.9","25.7","16.5","1969","181","992","138","977","110","90.0","4.2","90.7","5.2","89.4","7.0","19.9","6.5","18.0","7.7","21.8","8.5","775","107","445","104","330","66","77.8","10.6","81.8","13.5","72.4","15.6","7.7","5.9","2.9","4.4","14.2","12.1","19.2","13.4","16.8","22.3","21.3","16.4","5.4","4.7","5.8","6.8","4.9","5.4","5.0","6.8","0.0","4.2","11.2","14.5","2.1","3.5","0.0","9.1","3.5","5.7","38868","3145","48649","5145","30654","5085","29250","5196","36146","16399","20809","15436","38857","3913","47260","6621","27962","3715","36706","4989","42168","15591","33051","18667","47500","11479","57667","15391","40714","17660","51250","19917","82692","56826","44375","14936","7.2","(X)","(X)","(X)","(X)","(X)",
"1400000US18105001301","Census Tract 13.01, Monroe County, Indiana","508","253","234","149","274","143","28.1","14.0","39.7","33.3","18.2","15.3","53.9","12.4","40.6","31.1","65.3","20.9","17.9","14.3","19.7","23.0","16.4","16.5","0.0","5.7","0.0","12.0","0.0","10.4","3760","280","1929","224","1831","160","3.1","2.3","4.1","3.6","2.0","2.0","10.6","4.6","12.3","5.5","8.7","6.0","48.5","6.7","48.4","8.2","48.7","8.3","18.2","4.9","18.3","6.3","18.1","6.5","6.8","3.0","6.2","3.7","7.4","4.5","6.1","2.8","2.4","1.7","9.9","5.1","6.7","3.0","8.2","4.5","5.2","2.7","86.3","5.1","83.6","6.2","89.2","6.2","12.8","3.7","10.6","4.5","15.1","5.6","772","188","415","165","357","106","90.9","7.1","83.1","12.5","100.0","8.1","12.6","8.1","2.9","4.7","23.8","15.8","617","148","401","123","216","59","93.4","6.2","100.0","7.2","81.0","17.7","24.8","12.0","24.9","15.1","24.5","15.0","1778","200","835","132","943","122","89.0","7.6","85.9","9.0","91.8","7.6","9.6","4.2","6.0","4.3","12.7","6.9","593","148","278","100","315","85","64.9","15.3","53.6","20.0","74.9","14.7","10.3","8.5","15.5","12.5","5.7","7.7","18.1","23.4","15.8","21.7","21.8","27.2","5.4","2.9","2.0","2.5","8.9","6.1","7.1","5.7","5.3","6.1","9.0","8.2","9.4","8.8","5.9","8.9","12.0","10.9","26514","4247","34167","11392","21924","4640","16250","9420","14688","5102","20867","16758","27328","8383","40024","10201","21842","5860","25699","9457","35750","15232","18901","6078","31216","8119","27000","54290","31419","7607","33864","33620","29563","37254","36000","67893","4.5","(X)","(X)","(X)","(X)","(X)",
"1400000US18105001303","Census Tract 13.03, Monroe County, Indiana","528","173","272","144","256","121","13.1","10.3","9.2","13.0","17.2","17.7","34.8","19.2","64.0","25.3","3.9","6.6","40.0","18.3","26.8","24.2","53.9","24.5","12.1","13.8","0.0","10.4","25.0","25.4","3732","221","1705","166","2027","150","2.1","2.3","2.7","3.8","1.7","1.8","9.7","5.5","9.7","7.8","9.6","5.2","25.4","5.4","24.5","8.2","26.2","6.5","17.8","5.1","19.1","6.9","16.7","6.3","8.9","3.5","9.9","5.6","8.1","4.5","24.1","6.6","25.7","8.3","22.8","7.1","11.9","3.2","8.4","3.4","14.8","4.5","88.2","6.0","87.6","8.7","88.7","5.4","36.0","7.3","34.1","9.1","37.6","7.6","843","203","414","133","429","124","83.4","15.7","69.6","28.9","96.7","5.3","52.2","22.0","41.8","26.4","62.2","20.9","626","154","283","100","343","82","98.1","3.0","95.8","6.5","100.0","8.4","47.8","11.6","50.9","18.3","45.2","14.0","1508","161","717","108","791","106","93.4","5.0","98.3","2.2","88.9","9.5","27.5","7.8","29.4","10.1","25.8","9.8","755","140","291","75","464","115","75.0","13.6","78.7","24.5","72.6","15.9","25.2","10.9","18.2","15.0","29.5","18.4","7.7","9.0","0.0","13.2","14.8","16.3","3.0","3.2","0.0","6.9","5.3","5.8","0.6","1.0","0.0","5.9","1.2","2.1","1.9","2.1","1.5","2.5","2.1","2.2","37118","4879","42238","5263","33613","5063","17166","26266","16904","44394","35425","49463","32409","5260","38839","10360","27361","8035","27288","10519","32917","22039","27120","8078","48656","6714","53387","8373","37371","12814","66607","26852","75703","35667","58056","34135","1.9","(X)","(X)","(X)","(X)","(X)",
"1400000US18105001304","Census Tract 13.04, Monroe County, Indiana","235","95","92","55","143","77","7.2","6.7","18.5","17.4","0.0","18.8","39.1","19.3","63.0","27.2","23.8","19.8","49.4","19.9","18.5","18.9","69.2","23.9","4.3","6.2","0.0","27.2","7.0","11.4","2745","249","1326","179","1419","142","1.2","1.6","0.8","1.2","1.6","2.8","5.5","2.9","3.6","2.8","7.3","4.9","39.0","5.8","40.0","8.2","38.1","7.1","23.4","5.4","22.8","6.6","24.0","7.3","8.9","3.1","9.6","4.3","8.2","4.7","13.2","4.6","13.9","5.6","12.5","4.6","8.8","3.6","9.4","6.0","8.2","3.8","93.3","3.0","95.6","2.9","91.1","5.4","22.0","5.4","23.3","7.1","20.8","5.9","851","190","438","145","413","94","92.2","5.9","93.8","6.5","90.6","10.9","22.9","9.9","23.5","14.6","22.3","10.8","517","118","291","89","226","72","98.3","2.9","100.0","9.8","96.0","6.7","26.5","13.3","24.4","16.4","29.2","17.7","936","145","417","104","519","71","94.4","5.7","98.1","3.6","91.5","10.0","26.8","11.1","27.3","14.6","26.4","13.1","441","75","180","48","261","63","86.8","8.4","87.2","14.0","86.6","11.4","4.8","5.2","11.7","12.0","0.0","10.8","9.2","11.8","13.8","25.0","7.1","11.6","18.4","9.1","15.8","11.3","20.9","12.6","4.4","3.6","0.0","6.8","8.5","6.7","5.3","5.0","6.8","7.6","3.7","6.0","32071","2286","33942","4924","31081","2099","15395","2255","-","**","15197","1775","27895","6074","33696","5199","23243","9562","31441","3572","28516","12842","32230","6483","39219","9118","37125","18481","41346","22751","55288","16961","85677","23343","46250","7538","2.7","(X)","(X)","(X)","(X)","(X)",
"1400000US18105001305","Census Tract 13.05, Monroe County, Indiana","107","49","23","23","84","44","11.2","15.1","0.0","59.4","14.3","19.0","17.8","14.4","26.1","41.8","15.5","16.2","39.3","22.5","73.9","41.8","29.8","25.2","31.8","24.0","0.0","59.4","40.5","28.7","1633","175","764","99","869","102","0.9","1.2","0.5","1.2","1.3","2.0","4.5","2.8","6.2","4.7","3.1","4.1","29.4","5.5","25.8","7.5","32.6","7.6","18.7","3.9","11.9","4.5","24.6","6.0","10.5","3.5","14.0","6.3","7.5","3.6","25.0","6.0","25.4","8.6","24.7","7.2","10.9","3.7","16.2","6.3","6.2","4.2","94.5","3.2","93.3","4.9","95.6","5.3","35.9","7.1","41.6","8.8","31.0","7.8","388","101","182","54","206","60","98.7","2.0","100.0","15.2","97.6","3.8","47.4","13.4","47.3","20.2","47.6","14.7","314","70","163","42","151","48","100.0","9.1","100.0","16.7","100.0","17.9","38.9","21.1","44.8","23.6","32.5","24.8","666","108","316","61","350","69","93.2","5.5","88.9","10.4","97.1","3.9","37.1","11.2","44.3","13.5","30.6","12.6","265","80","103","38","162","55","85.3","11.3","84.5","17.1","85.8","20.6","12.8","8.7","18.4","15.0","9.3","8.9","38.3","36.7","47.9","41.3","0.0","82.3","5.7","6.3","0.5","2.1","9.2","10.7","12.7","12.6","14.7","15.1","11.3","11.2","1.0","1.5","0.0","9.1","2.3","3.3","37679","3149","55583","12458","28433","2052","-","**","-","**","-","**","32262","5650","37634","7969","27313","8809","28902","1631","46818","12543","27541","10660","44125","10402","74375","10485","35954","15465","67917","8207","72708","40285","57083","34024","0.7","(X)","(X)","(X)","(X)","(X)",
"1400000US18105001401","Census Tract 14.01, Monroe County, Indiana","53","38","19","15","34","28","28.3","26.5","26.3","40.6","29.4","39.1","15.1","23.0","42.1","49.8","0.0","48.9","34.0","28.5","0.0","65.4","52.9","42.9","22.6","31.7","31.6","45.8","17.6","26.5","1632","192","736","117","896","98","1.7","1.4","2.4","2.6","1.1","1.3","5.1","2.8","4.5","5.1","5.6","2.6","40.2","8.2","35.1","9.8","44.4","9.9","17.0","6.2","14.8","7.2","18.9","7.2","9.5","3.8","13.0","6.4","6.6","3.0","15.7","4.6","18.2","6.5","13.7","5.2","10.7","4.2","12.0","5.5","9.7","4.6","93.2","3.1","93.1","6.0","93.3","2.9","26.5","6.0","30.2","7.4","23.4","6.4","201","94","93","61","108","53","97.0","5.3","93.5","12.2","100.0","23.9","49.3","18.1","31.2","18.3","64.8","24.3","313","89","142","55","171","53","100.0","9.1","100.0","18.9","100.0","16.0","30.0","10.8","38.7","20.2","22.8","9.9","740","134","300","78","440","90","93.2","5.1","92.3","11.3","93.9","4.0","19.2","7.0","27.3","12.7","13.6","7.1","378","89","201","65","177","54","85.4","7.3","89.1","10.7","81.4","9.8","25.7","10.8","27.9","16.8","23.2","11.3","12.6","13.5","15.7","27.6","10.0","14.2","8.5","5.7","7.4","6.0","9.3","8.2","3.5","5.3","0.0","13.6","6.6","9.9","5.1","5.1","1.4","2.6","9.0","9.9","36979","4685","51250","5258","31595","6132","16750","8363","18641","8937","13409","13787","30365","5900","33250","11174","30052","7151","37697","15800","50956","7880","25385","9931","60500","22056","75417","16222","37917","2704","55500","34941","107833","77722","48500","24467","4.0","(X)","(X)","(X)","(X)","(X)",
"1400000US18105001402","Census Tract 14.02, Monroe County, Indiana","213","138","91","70","122","86","25.8","27.6","23.1","31.7","27.9","37.6","11.3","10.6","25.3","24.6","0.8","2.9","56.8","30.6","51.6","38.0","60.7","37.8","6.1","9.8","0.0","27.5","10.7","18.6","4178","263","1876","169","2302","190","3.9","3.2","7.6","6.8","0.8","1.3","8.3","3.5","7.8","5.6","8.6","4.4","20.8","5.4","26.4","6.9","16.2","5.8","16.5","4.8","15.3","6.2","17.4","6.1","6.3","3.0","4.5","3.6","7.8","4.1","19.6","5.4","17.2","6.7","21.6","7.5","24.7","6.1","21.2","6.0","27.6","8.6","87.9","4.4","84.6","7.8","90.6","4.6","44.3","5.2","38.3","7.8","49.2","7.2","499","150","183","76","316","105","94.2","6.4","91.3","13.4","95.9","6.6","52.9","16.3","56.8","24.0","50.6","21.6","752","167","367","134","385","122","87.6","15.5","74.7","28.9","100.0","7.5","43.4","15.2","33.2","21.9","53.0","20.8","1859","250","784","139","1075","183","96.4","2.9","96.3","4.3","96.5","3.9","46.1","8.4","40.8","10.2","50.0","10.0","1068","209","542","129","526","162","70.3","12.0","72.1","15.7","68.4","15.9","37.8","11.3","31.9","13.8","43.9","17.0","24.1","21.9","33.2","36.0","12.0","14.5","0.2","0.5","0.4","0.8","0.0","7.7","12.5","12.3","10.2","14.4","14.0","12.7","1.7","2.4","1.5","2.5","1.9","2.9","38451","3922","39384","6558","35194","8386","31354","34588","76094","61593","13355","14809","29455","6406","34900","7217","24365","2862","36842","13845","39268","19565","33500","19884","42568","16298","48456","37309","39342","13146","65298","14519","65104","34197","65375","14026","11.2","(X)","(X)","(X)","(X)","(X)",
"1400000US18105001501","Census Tract 15.01, Monroe County, Indiana","427","153","191","116","236","141","3.5","5.5","0.0","14.5","6.4","10.1","19.4","11.6","35.6","25.7","6.4","11.1","77.0","12.7","64.4","25.7","87.3","11.2","0.0","6.8","0.0","14.5","0.0","11.9","3671","236","1779","149","1892","181","3.7","2.2","4.0","3.2","3.4","2.2","4.9","2.6","6.6","4.4","3.4","2.8","29.6","7.6","24.0","8.2","34.9","10.5","25.3","5.5","24.5","7.2","26.2","8.0","6.7","3.0","6.8","4.1","6.7","3.6","19.3","4.5","23.3","6.8","15.5","5.4","10.4","3.6","10.8","5.0","9.9","4.9","91.3","3.3","89.4","5.0","93.2","3.6","29.7","6.3","34.1","8.0","25.5","6.9","408","155","205","86","203","94","96.3","6.3","100.0","13.6","92.6","12.7","39.2","20.7","32.2","24.1","46.3","27.3","855","143","357","78","498","105","98.0","3.1","100.0","8.1","96.6","5.2","41.9","17.5","43.1","20.7","41.0","18.2","1669","186","958","121","711","107","92.1","5.5","88.0","8.8","97.6","3.8","28.2","8.2","32.4","10.3","22.5","9.5","739","163","259","71","480","158","79.2","10.9","71.4","17.3","83.3","11.6","13.7","8.7","29.7","20.3","5.0","7.3","14.5","11.0","7.9","13.1","24.0","21.7","7.5","5.0","1.6","3.2","11.2","8.0","7.9","5.1","14.4","9.8","2.1","3.5","2.9","3.5","3.3","5.2","2.5","4.2","39312","3367","42342","9280","31419","4263","17835","4172","18811","4992","-","**","32008","5386","39141","10233","30815","1609","39934","4891","42433","9421","35031","14163","39036","7624","41739","14477","19365","10759","106842","28081","116739","23612","77826","29361","6.0","(X)","(X)","(X)","(X)","(X)",
"1400000US18105001502","Census Tract 15.02, Monroe County, Indiana","60","48","33","38","27","28","20.0","30.1","0.0","49.6","44.4","53.4","10.0","18.4","0.0","49.6","22.2","39.0","55.0","40.4","100.0","49.6","0.0","54.8","15.0","27.2","0.0","49.6","33.3","48.5","1934","244","910","136","1024","163","3.2","2.7","1.0","1.4","5.1","5.0","7.3","4.2","5.1","3.7","9.3","6.4","25.6","6.1","26.0","7.4","25.2","10.2","18.3","6.0","22.6","10.8","14.5","6.7","5.9","3.2","3.2","3.3","8.4","5.5","20.3","5.7","27.3","9.4","14.1","8.0","19.4","6.0","14.8","8.0","23.5","9.1","89.6","5.0","94.0","4.1","85.6","8.0","39.7","7.9","42.1","9.6","37.6","11.2","161","69","85","50","76","47","92.5","11.3","100.0","28.9","84.2","23.4","79.5","17.7","84.7","24.1","73.7","27.0","331","127","170","70","161","70","94.6","8.5","100.0","16.1","88.8","17.5","39.6","8.5","33.5","24.5","46.0","26.1","908","215","385","115","523","128","95.9","4.3","95.8","5.0","96.0","6.3","36.8","14.3","36.4","18.2","37.1","14.6","534","121","270","80","264","85","74.7","12.7","85.6","11.6","63.6","19.8","32.8","11.9","42.2","18.5","23.1","14.7","15.8","16.6","0.0","38.4","21.8","22.1","5.1","5.7","5.5","8.5","4.7","7.9","0.0","6.2","0.0","12.0","0.0","12.0","2.3","3.8","4.7","7.6","0.0","7.5","40250","8041","47708","13044","34353","6240","14063","13709","-","**","14063","14148","33021","12123","32083","8401","40478","16153","36494","13489","86063","27942","27407","15933","40671","10232","40976","7079","34167","31072","61625","17254","71250","33144","60781","25814","4.8","(X)","(X)","(X)","(X)","(X)",
"1400000US18105001600","Census Tract 16, Monroe County, Indiana","4941","679","2520","522","2421","509","0.8","0.9","0.0","1.2","1.7","1.9","14.7","5.6","12.8","5.3","16.6","8.6","75.0","6.6","79.1","7.3","70.7","10.2","9.5","3.6","8.1","5.5","11.0","5.3","642","187","432","147","210","111","0.2","1.1","0.0","6.7","0.5","3.6","2.2","2.4","3.2","3.8","0.0","13.3","14.5","8.1","9.0","8.0","25.7","16.6","16.8","11.5","19.2","16.5","11.9","13.9","9.5","10.5","8.6","13.3","11.4","17.0","20.6","11.9","21.1","17.9","19.5","19.4","36.3","15.8","38.9","18.7","31.0","31.1","97.7","2.5","96.8","3.8","99.5","3.6","56.9","15.5","60.0","20.1","50.5","24.4","371","158","285","135","86","86","99.7","0.7","99.6","1.0","100.0","28.7","66.6","22.8","60.7","28.7","86.0","26.1","100","59","52","41","48","42","99.0","7.4","100.0","39.5","97.9","15.7","58.0","44.5","76.9","52.2","37.5","37.0","145","51","95","31","50","48","91.0","9.4","86.3","15.5","100.0","40.3","41.4","35.4","48.4","42.3","28.0","43.6","26","4","0","16","26","4","100.0","55.9","-","**","100.0","55.9","0.0","55.9","-","**","0.0","55.9","46.7","53.3","50.0","50.0","0.0","100.0","47.3","24.6","38.5","45.2","53.7","31.2","63.9","33.4","69.2","44.5","51.0","51.0","9.1","12.9","9.7","13.4","7.5","19.8","17376","2356","19019","2445","15115","5312","-","**","-","**","-","**","8958","3821","18542","16699","7917","6876","2,500-","***","-","**","-","**","17833","3676","19208","2666","14583","2791","18358","2723","19265","5306","16593","32599","0.0","(X)","(X)","(X)","(X)","(X)",
