"Column Name","Label"
"GEO_ID","Geography"
"NAME","Geographic Area Name"
"S2201_C01_001E","Total!!Estimate!!Households"
"S2201_C01_001M","Total!!Margin of Error!!Households"
"S2201_C02_001E","Percent!!Estimate!!Households"
"S2201_C02_001M","Percent!!Margin of Error!!Households"
"S2201_C03_001E","Households receiving food stamps/SNAP!!Estimate!!Households"
"S2201_C03_001M","Households receiving food stamps/SNAP!!Margin of Error!!Households"
"S2201_C04_001E","Percent households receiving food stamps/SNAP!!Estimate!!Households"
"S2201_C04_001M","Percent households receiving food stamps/SNAP!!Margin of Error!!Households"
"S2201_C05_001E","Households not receiving food stamps/SNAP!!Estimate!!Households"
"S2201_C05_001M","Households not receiving food stamps/SNAP!!Margin of Error!!Households"
"S2201_C06_001E","Percent households not receiving food stamps/SNAP!!Estimate!!Households"
"S2201_C06_001M","Percent households not receiving food stamps/SNAP!!Margin of Error!!Households"
"S2201_C01_002E","Total!!Estimate!!With one or more people in the household 60 years and over"
"S2201_C01_002M","Total!!Margin of Error!!With one or more people in the household 60 years and over"
"S2201_C02_002E","Percent!!Estimate!!With one or more people in the household 60 years and over"
"S2201_C02_002M","Percent!!Margin of Error!!With one or more people in the household 60 years and over"
"S2201_C03_002E","Households receiving food stamps/SNAP!!Estimate!!With one or more people in the household 60 years and over"
"S2201_C03_002M","Households receiving food stamps/SNAP!!Margin of Error!!With one or more people in the household 60 years and over"
"S2201_C04_002E","Percent households receiving food stamps/SNAP!!Estimate!!With one or more people in the household 60 years and over"
"S2201_C04_002M","Percent households receiving food stamps/SNAP!!Margin of Error!!With one or more people in the household 60 years and over"
"S2201_C05_002E","Households not receiving food stamps/SNAP!!Estimate!!With one or more people in the household 60 years and over"
"S2201_C05_002M","Households not receiving food stamps/SNAP!!Margin of Error!!With one or more people in the household 60 years and over"
"S2201_C06_002E","Percent households not receiving food stamps/SNAP!!Estimate!!With one or more people in the household 60 years and over"
"S2201_C06_002M","Percent households not receiving food stamps/SNAP!!Margin of Error!!With one or more people in the household 60 years and over"
"S2201_C01_003E","Total!!Estimate!!No people in the household 60 years and over"
"S2201_C01_003M","Total!!Margin of Error!!No people in the household 60 years and over"
"S2201_C02_003E","Percent!!Estimate!!No people in the household 60 years and over"
"S2201_C02_003M","Percent!!Margin of Error!!No people in the household 60 years and over"
"S2201_C03_003E","Households receiving food stamps/SNAP!!Estimate!!No people in the household 60 years and over"
"S2201_C03_003M","Households receiving food stamps/SNAP!!Margin of Error!!No people in the household 60 years and over"
"S2201_C04_003E","Percent households receiving food stamps/SNAP!!Estimate!!No people in the household 60 years and over"
"S2201_C04_003M","Percent households receiving food stamps/SNAP!!Margin of Error!!No people in the household 60 years and over"
"S2201_C05_003E","Households not receiving food stamps/SNAP!!Estimate!!No people in the household 60 years and over"
"S2201_C05_003M","Households not receiving food stamps/SNAP!!Margin of Error!!No people in the household 60 years and over"
"S2201_C06_003E","Percent households not receiving food stamps/SNAP!!Estimate!!No people in the household 60 years and over"
"S2201_C06_003M","Percent households not receiving food stamps/SNAP!!Margin of Error!!No people in the household 60 years and over"
"S2201_C01_004E","Total!!Estimate!!HOUSEHOLD TYPE!!Married-couple family"
"S2201_C01_004M","Total!!Margin of Error!!HOUSEHOLD TYPE!!Married-couple family"
"S2201_C02_004E","Percent!!Estimate!!HOUSEHOLD TYPE!!Married-couple family"
"S2201_C02_004M","Percent!!Margin of Error!!HOUSEHOLD TYPE!!Married-couple family"
"S2201_C03_004E","Households receiving food stamps/SNAP!!Estimate!!HOUSEHOLD TYPE!!Married-couple family"
"S2201_C03_004M","Households receiving food stamps/SNAP!!Margin of Error!!HOUSEHOLD TYPE!!Married-couple family"
"S2201_C04_004E","Percent households receiving food stamps/SNAP!!Estimate!!HOUSEHOLD TYPE!!Married-couple family"
"S2201_C04_004M","Percent households receiving food stamps/SNAP!!Margin of Error!!HOUSEHOLD TYPE!!Married-couple family"
"S2201_C05_004E","Households not receiving food stamps/SNAP!!Estimate!!HOUSEHOLD TYPE!!Married-couple family"
"S2201_C05_004M","Households not receiving food stamps/SNAP!!Margin of Error!!HOUSEHOLD TYPE!!Married-couple family"
"S2201_C06_004E","Percent households not receiving food stamps/SNAP!!Estimate!!HOUSEHOLD TYPE!!Married-couple family"
"S2201_C06_004M","Percent households not receiving food stamps/SNAP!!Margin of Error!!HOUSEHOLD TYPE!!Married-couple family"
"S2201_C01_005E","Total!!Estimate!!HOUSEHOLD TYPE!!Other family"
"S2201_C01_005M","Total!!Margin of Error!!HOUSEHOLD TYPE!!Other family"
"S2201_C02_005E","Percent!!Estimate!!HOUSEHOLD TYPE!!Other family"
"S2201_C02_005M","Percent!!Margin of Error!!HOUSEHOLD TYPE!!Other family"
"S2201_C03_005E","Households receiving food stamps/SNAP!!Estimate!!HOUSEHOLD TYPE!!Other family"
"S2201_C03_005M","Households receiving food stamps/SNAP!!Margin of Error!!HOUSEHOLD TYPE!!Other family"
"S2201_C04_005E","Percent households receiving food stamps/SNAP!!Estimate!!HOUSEHOLD TYPE!!Other family"
"S2201_C04_005M","Percent households receiving food stamps/SNAP!!Margin of Error!!HOUSEHOLD TYPE!!Other family"
"S2201_C05_005E","Households not receiving food stamps/SNAP!!Estimate!!HOUSEHOLD TYPE!!Other family"
"S2201_C05_005M","Households not receiving food stamps/SNAP!!Margin of Error!!HOUSEHOLD TYPE!!Other family"
"S2201_C06_005E","Percent households not receiving food stamps/SNAP!!Estimate!!HOUSEHOLD TYPE!!Other family"
"S2201_C06_005M","Percent households not receiving food stamps/SNAP!!Margin of Error!!HOUSEHOLD TYPE!!Other family"
"S2201_C01_006E","Total!!Estimate!!HOUSEHOLD TYPE!!Other family!!Male householder, no wife present"
"S2201_C01_006M","Total!!Margin of Error!!HOUSEHOLD TYPE!!Other family!!Male householder, no wife present"
"S2201_C02_006E","Percent!!Estimate!!HOUSEHOLD TYPE!!Other family!!Male householder, no wife present"
"S2201_C02_006M","Percent!!Margin of Error!!HOUSEHOLD TYPE!!Other family!!Male householder, no wife present"
"S2201_C03_006E","Households receiving food stamps/SNAP!!Estimate!!HOUSEHOLD TYPE!!Other family!!Male householder, no wife present"
"S2201_C03_006M","Households receiving food stamps/SNAP!!Margin of Error!!HOUSEHOLD TYPE!!Other family!!Male householder, no wife present"
"S2201_C04_006E","Percent households receiving food stamps/SNAP!!Estimate!!HOUSEHOLD TYPE!!Other family!!Male householder, no wife present"
"S2201_C04_006M","Percent households receiving food stamps/SNAP!!Margin of Error!!HOUSEHOLD TYPE!!Other family!!Male householder, no wife present"
"S2201_C05_006E","Households not receiving food stamps/SNAP!!Estimate!!HOUSEHOLD TYPE!!Other family!!Male householder, no wife present"
"S2201_C05_006M","Households not receiving food stamps/SNAP!!Margin of Error!!HOUSEHOLD TYPE!!Other family!!Male householder, no wife present"
"S2201_C06_006E","Percent households not receiving food stamps/SNAP!!Estimate!!HOUSEHOLD TYPE!!Other family!!Male householder, no wife present"
"S2201_C06_006M","Percent households not receiving food stamps/SNAP!!Margin of Error!!HOUSEHOLD TYPE!!Other family!!Male householder, no wife present"
"S2201_C01_007E","Total!!Estimate!!HOUSEHOLD TYPE!!Other family!!Female householder, no husband present"
"S2201_C01_007M","Total!!Margin of Error!!HOUSEHOLD TYPE!!Other family!!Female householder, no husband present"
"S2201_C02_007E","Percent!!Estimate!!HOUSEHOLD TYPE!!Other family!!Female householder, no husband present"
"S2201_C02_007M","Percent!!Margin of Error!!HOUSEHOLD TYPE!!Other family!!Female householder, no husband present"
"S2201_C03_007E","Households receiving food stamps/SNAP!!Estimate!!HOUSEHOLD TYPE!!Other family!!Female householder, no husband present"
"S2201_C03_007M","Households receiving food stamps/SNAP!!Margin of Error!!HOUSEHOLD TYPE!!Other family!!Female householder, no husband present"
"S2201_C04_007E","Percent households receiving food stamps/SNAP!!Estimate!!HOUSEHOLD TYPE!!Other family!!Female householder, no husband present"
"S2201_C04_007M","Percent households receiving food stamps/SNAP!!Margin of Error!!HOUSEHOLD TYPE!!Other family!!Female householder, no husband present"
"S2201_C05_007E","Households not receiving food stamps/SNAP!!Estimate!!HOUSEHOLD TYPE!!Other family!!Female householder, no husband present"
"S2201_C05_007M","Households not receiving food stamps/SNAP!!Margin of Error!!HOUSEHOLD TYPE!!Other family!!Female householder, no husband present"
"S2201_C06_007E","Percent households not receiving food stamps/SNAP!!Estimate!!HOUSEHOLD TYPE!!Other family!!Female householder, no husband present"
"S2201_C06_007M","Percent households not receiving food stamps/SNAP!!Margin of Error!!HOUSEHOLD TYPE!!Other family!!Female householder, no husband present"
"S2201_C01_008E","Total!!Estimate!!HOUSEHOLD TYPE!!Nonfamily households"
"S2201_C01_008M","Total!!Margin of Error!!HOUSEHOLD TYPE!!Nonfamily households"
"S2201_C02_008E","Percent!!Estimate!!HOUSEHOLD TYPE!!Nonfamily households"
"S2201_C02_008M","Percent!!Margin of Error!!HOUSEHOLD TYPE!!Nonfamily households"
"S2201_C03_008E","Households receiving food stamps/SNAP!!Estimate!!HOUSEHOLD TYPE!!Nonfamily households"
"S2201_C03_008M","Households receiving food stamps/SNAP!!Margin of Error!!HOUSEHOLD TYPE!!Nonfamily households"
"S2201_C04_008E","Percent households receiving food stamps/SNAP!!Estimate!!HOUSEHOLD TYPE!!Nonfamily households"
"S2201_C04_008M","Percent households receiving food stamps/SNAP!!Margin of Error!!HOUSEHOLD TYPE!!Nonfamily households"
"S2201_C05_008E","Households not receiving food stamps/SNAP!!Estimate!!HOUSEHOLD TYPE!!Nonfamily households"
"S2201_C05_008M","Households not receiving food stamps/SNAP!!Margin of Error!!HOUSEHOLD TYPE!!Nonfamily households"
"S2201_C06_008E","Percent households not receiving food stamps/SNAP!!Estimate!!HOUSEHOLD TYPE!!Nonfamily households"
"S2201_C06_008M","Percent households not receiving food stamps/SNAP!!Margin of Error!!HOUSEHOLD TYPE!!Nonfamily households"
"S2201_C01_009E","Total!!Estimate!!HOUSEHOLD TYPE!!With children under 18 years"
"S2201_C01_009M","Total!!Margin of Error!!HOUSEHOLD TYPE!!With children under 18 years"
"S2201_C02_009E","Percent!!Estimate!!HOUSEHOLD TYPE!!With children under 18 years"
"S2201_C02_009M","Percent!!Margin of Error!!HOUSEHOLD TYPE!!With children under 18 years"
"S2201_C03_009E","Households receiving food stamps/SNAP!!Estimate!!HOUSEHOLD TYPE!!With children under 18 years"
"S2201_C03_009M","Households receiving food stamps/SNAP!!Margin of Error!!HOUSEHOLD TYPE!!With children under 18 years"
"S2201_C04_009E","Percent households receiving food stamps/SNAP!!Estimate!!HOUSEHOLD TYPE!!With children under 18 years"
"S2201_C04_009M","Percent households receiving food stamps/SNAP!!Margin of Error!!HOUSEHOLD TYPE!!With children under 18 years"
"S2201_C05_009E","Households not receiving food stamps/SNAP!!Estimate!!HOUSEHOLD TYPE!!With children under 18 years"
"S2201_C05_009M","Households not receiving food stamps/SNAP!!Margin of Error!!HOUSEHOLD TYPE!!With children under 18 years"
"S2201_C06_009E","Percent households not receiving food stamps/SNAP!!Estimate!!HOUSEHOLD TYPE!!With children under 18 years"
"S2201_C06_009M","Percent households not receiving food stamps/SNAP!!Margin of Error!!HOUSEHOLD TYPE!!With children under 18 years"
"S2201_C01_010E","Total!!Estimate!!HOUSEHOLD TYPE!!With children under 18 years!!Married-couple family"
"S2201_C01_010M","Total!!Margin of Error!!HOUSEHOLD TYPE!!With children under 18 years!!Married-couple family"
"S2201_C02_010E","Percent!!Estimate!!HOUSEHOLD TYPE!!With children under 18 years!!Married-couple family"
"S2201_C02_010M","Percent!!Margin of Error!!HOUSEHOLD TYPE!!With children under 18 years!!Married-couple family"
"S2201_C03_010E","Households receiving food stamps/SNAP!!Estimate!!HOUSEHOLD TYPE!!With children under 18 years!!Married-couple family"
"S2201_C03_010M","Households receiving food stamps/SNAP!!Margin of Error!!HOUSEHOLD TYPE!!With children under 18 years!!Married-couple family"
"S2201_C04_010E","Percent households receiving food stamps/SNAP!!Estimate!!HOUSEHOLD TYPE!!With children under 18 years!!Married-couple family"
"S2201_C04_010M","Percent households receiving food stamps/SNAP!!Margin of Error!!HOUSEHOLD TYPE!!With children under 18 years!!Married-couple family"
"S2201_C05_010E","Households not receiving food stamps/SNAP!!Estimate!!HOUSEHOLD TYPE!!With children under 18 years!!Married-couple family"
"S2201_C05_010M","Households not receiving food stamps/SNAP!!Margin of Error!!HOUSEHOLD TYPE!!With children under 18 years!!Married-couple family"
"S2201_C06_010E","Percent households not receiving food stamps/SNAP!!Estimate!!HOUSEHOLD TYPE!!With children under 18 years!!Married-couple family"
"S2201_C06_010M","Percent households not receiving food stamps/SNAP!!Margin of Error!!HOUSEHOLD TYPE!!With children under 18 years!!Married-couple family"
"S2201_C01_011E","Total!!Estimate!!HOUSEHOLD TYPE!!With children under 18 years!!Other family"
"S2201_C01_011M","Total!!Margin of Error!!HOUSEHOLD TYPE!!With children under 18 years!!Other family"
"S2201_C02_011E","Percent!!Estimate!!HOUSEHOLD TYPE!!With children under 18 years!!Other family"
"S2201_C02_011M","Percent!!Margin of Error!!HOUSEHOLD TYPE!!With children under 18 years!!Other family"
"S2201_C03_011E","Households receiving food stamps/SNAP!!Estimate!!HOUSEHOLD TYPE!!With children under 18 years!!Other family"
"S2201_C03_011M","Households receiving food stamps/SNAP!!Margin of Error!!HOUSEHOLD TYPE!!With children under 18 years!!Other family"
"S2201_C04_011E","Percent households receiving food stamps/SNAP!!Estimate!!HOUSEHOLD TYPE!!With children under 18 years!!Other family"
"S2201_C04_011M","Percent households receiving food stamps/SNAP!!Margin of Error!!HOUSEHOLD TYPE!!With children under 18 years!!Other family"
"S2201_C05_011E","Households not receiving food stamps/SNAP!!Estimate!!HOUSEHOLD TYPE!!With children under 18 years!!Other family"
"S2201_C05_011M","Households not receiving food stamps/SNAP!!Margin of Error!!HOUSEHOLD TYPE!!With children under 18 years!!Other family"
"S2201_C06_011E","Percent households not receiving food stamps/SNAP!!Estimate!!HOUSEHOLD TYPE!!With children under 18 years!!Other family"
"S2201_C06_011M","Percent households not receiving food stamps/SNAP!!Margin of Error!!HOUSEHOLD TYPE!!With children under 18 years!!Other family"
"S2201_C01_012E","Total!!Estimate!!HOUSEHOLD TYPE!!With children under 18 years!!Other family!!Male householder, no wife present"
"S2201_C01_012M","Total!!Margin of Error!!HOUSEHOLD TYPE!!With children under 18 years!!Other family!!Male householder, no wife present"
"S2201_C02_012E","Percent!!Estimate!!HOUSEHOLD TYPE!!With children under 18 years!!Other family!!Male householder, no wife present"
"S2201_C02_012M","Percent!!Margin of Error!!HOUSEHOLD TYPE!!With children under 18 years!!Other family!!Male householder, no wife present"
"S2201_C03_012E","Households receiving food stamps/SNAP!!Estimate!!HOUSEHOLD TYPE!!With children under 18 years!!Other family!!Male householder, no wife present"
"S2201_C03_012M","Households receiving food stamps/SNAP!!Margin of Error!!HOUSEHOLD TYPE!!With children under 18 years!!Other family!!Male householder, no wife present"
"S2201_C04_012E","Percent households receiving food stamps/SNAP!!Estimate!!HOUSEHOLD TYPE!!With children under 18 years!!Other family!!Male householder, no wife present"
"S2201_C04_012M","Percent households receiving food stamps/SNAP!!Margin of Error!!HOUSEHOLD TYPE!!With children under 18 years!!Other family!!Male householder, no wife present"
"S2201_C05_012E","Households not receiving food stamps/SNAP!!Estimate!!HOUSEHOLD TYPE!!With children under 18 years!!Other family!!Male householder, no wife present"
"S2201_C05_012M","Households not receiving food stamps/SNAP!!Margin of Error!!HOUSEHOLD TYPE!!With children under 18 years!!Other family!!Male householder, no wife present"
"S2201_C06_012E","Percent households not receiving food stamps/SNAP!!Estimate!!HOUSEHOLD TYPE!!With children under 18 years!!Other family!!Male householder, no wife present"
"S2201_C06_012M","Percent households not receiving food stamps/SNAP!!Margin of Error!!HOUSEHOLD TYPE!!With children under 18 years!!Other family!!Male householder, no wife present"
"S2201_C01_013E","Total!!Estimate!!HOUSEHOLD TYPE!!With children under 18 years!!Other family!!Female householder, no husband present"
"S2201_C01_013M","Total!!Margin of Error!!HOUSEHOLD TYPE!!With children under 18 years!!Other family!!Female householder, no husband present"
"S2201_C02_013E","Percent!!Estimate!!HOUSEHOLD TYPE!!With children under 18 years!!Other family!!Female householder, no husband present"
"S2201_C02_013M","Percent!!Margin of Error!!HOUSEHOLD TYPE!!With children under 18 years!!Other family!!Female householder, no husband present"
"S2201_C03_013E","Households receiving food stamps/SNAP!!Estimate!!HOUSEHOLD TYPE!!With children under 18 years!!Other family!!Female householder, no husband present"
"S2201_C03_013M","Households receiving food stamps/SNAP!!Margin of Error!!HOUSEHOLD TYPE!!With children under 18 years!!Other family!!Female householder, no husband present"
"S2201_C04_013E","Percent households receiving food stamps/SNAP!!Estimate!!HOUSEHOLD TYPE!!With children under 18 years!!Other family!!Female householder, no husband present"
"S2201_C04_013M","Percent households receiving food stamps/SNAP!!Margin of Error!!HOUSEHOLD TYPE!!With children under 18 years!!Other family!!Female householder, no husband present"
"S2201_C05_013E","Households not receiving food stamps/SNAP!!Estimate!!HOUSEHOLD TYPE!!With children under 18 years!!Other family!!Female householder, no husband present"
"S2201_C05_013M","Households not receiving food stamps/SNAP!!Margin of Error!!HOUSEHOLD TYPE!!With children under 18 years!!Other family!!Female householder, no husband present"
"S2201_C06_013E","Percent households not receiving food stamps/SNAP!!Estimate!!HOUSEHOLD TYPE!!With children under 18 years!!Other family!!Female householder, no husband present"
"S2201_C06_013M","Percent households not receiving food stamps/SNAP!!Margin of Error!!HOUSEHOLD TYPE!!With children under 18 years!!Other family!!Female householder, no husband present"
"S2201_C01_014E","Total!!Estimate!!HOUSEHOLD TYPE!!With children under 18 years!!Nonfamily households"
"S2201_C01_014M","Total!!Margin of Error!!HOUSEHOLD TYPE!!With children under 18 years!!Nonfamily households"
"S2201_C02_014E","Percent!!Estimate!!HOUSEHOLD TYPE!!With children under 18 years!!Nonfamily households"
"S2201_C02_014M","Percent!!Margin of Error!!HOUSEHOLD TYPE!!With children under 18 years!!Nonfamily households"
"S2201_C03_014E","Households receiving food stamps/SNAP!!Estimate!!HOUSEHOLD TYPE!!With children under 18 years!!Nonfamily households"
"S2201_C03_014M","Households receiving food stamps/SNAP!!Margin of Error!!HOUSEHOLD TYPE!!With children under 18 years!!Nonfamily households"
"S2201_C04_014E","Percent households receiving food stamps/SNAP!!Estimate!!HOUSEHOLD TYPE!!With children under 18 years!!Nonfamily households"
"S2201_C04_014M","Percent households receiving food stamps/SNAP!!Margin of Error!!HOUSEHOLD TYPE!!With children under 18 years!!Nonfamily households"
"S2201_C05_014E","Households not receiving food stamps/SNAP!!Estimate!!HOUSEHOLD TYPE!!With children under 18 years!!Nonfamily households"
"S2201_C05_014M","Households not receiving food stamps/SNAP!!Margin of Error!!HOUSEHOLD TYPE!!With children under 18 years!!Nonfamily households"
"S2201_C06_014E","Percent households not receiving food stamps/SNAP!!Estimate!!HOUSEHOLD TYPE!!With children under 18 years!!Nonfamily households"
"S2201_C06_014M","Percent households not receiving food stamps/SNAP!!Margin of Error!!HOUSEHOLD TYPE!!With children under 18 years!!Nonfamily households"
"S2201_C01_015E","Total!!Estimate!!HOUSEHOLD TYPE!!No children under 18 years"
"S2201_C01_015M","Total!!Margin of Error!!HOUSEHOLD TYPE!!No children under 18 years"
"S2201_C02_015E","Percent!!Estimate!!HOUSEHOLD TYPE!!No children under 18 years"
"S2201_C02_015M","Percent!!Margin of Error!!HOUSEHOLD TYPE!!No children under 18 years"
"S2201_C03_015E","Households receiving food stamps/SNAP!!Estimate!!HOUSEHOLD TYPE!!No children under 18 years"
"S2201_C03_015M","Households receiving food stamps/SNAP!!Margin of Error!!HOUSEHOLD TYPE!!No children under 18 years"
"S2201_C04_015E","Percent households receiving food stamps/SNAP!!Estimate!!HOUSEHOLD TYPE!!No children under 18 years"
"S2201_C04_015M","Percent households receiving food stamps/SNAP!!Margin of Error!!HOUSEHOLD TYPE!!No children under 18 years"
"S2201_C05_015E","Households not receiving food stamps/SNAP!!Estimate!!HOUSEHOLD TYPE!!No children under 18 years"
"S2201_C05_015M","Households not receiving food stamps/SNAP!!Margin of Error!!HOUSEHOLD TYPE!!No children under 18 years"
"S2201_C06_015E","Percent households not receiving food stamps/SNAP!!Estimate!!HOUSEHOLD TYPE!!No children under 18 years"
"S2201_C06_015M","Percent households not receiving food stamps/SNAP!!Margin of Error!!HOUSEHOLD TYPE!!No children under 18 years"
"S2201_C01_016E","Total!!Estimate!!HOUSEHOLD TYPE!!No children under 18 years!!Married-couple family"
"S2201_C01_016M","Total!!Margin of Error!!HOUSEHOLD TYPE!!No children under 18 years!!Married-couple family"
"S2201_C02_016E","Percent!!Estimate!!HOUSEHOLD TYPE!!No children under 18 years!!Married-couple family"
"S2201_C02_016M","Percent!!Margin of Error!!HOUSEHOLD TYPE!!No children under 18 years!!Married-couple family"
"S2201_C03_016E","Households receiving food stamps/SNAP!!Estimate!!HOUSEHOLD TYPE!!No children under 18 years!!Married-couple family"
"S2201_C03_016M","Households receiving food stamps/SNAP!!Margin of Error!!HOUSEHOLD TYPE!!No children under 18 years!!Married-couple family"
"S2201_C04_016E","Percent households receiving food stamps/SNAP!!Estimate!!HOUSEHOLD TYPE!!No children under 18 years!!Married-couple family"
"S2201_C04_016M","Percent households receiving food stamps/SNAP!!Margin of Error!!HOUSEHOLD TYPE!!No children under 18 years!!Married-couple family"
"S2201_C05_016E","Households not receiving food stamps/SNAP!!Estimate!!HOUSEHOLD TYPE!!No children under 18 years!!Married-couple family"
"S2201_C05_016M","Households not receiving food stamps/SNAP!!Margin of Error!!HOUSEHOLD TYPE!!No children under 18 years!!Married-couple family"
"S2201_C06_016E","Percent households not receiving food stamps/SNAP!!Estimate!!HOUSEHOLD TYPE!!No children under 18 years!!Married-couple family"
"S2201_C06_016M","Percent households not receiving food stamps/SNAP!!Margin of Error!!HOUSEHOLD TYPE!!No children under 18 years!!Married-couple family"
"S2201_C01_017E","Total!!Estimate!!HOUSEHOLD TYPE!!No children under 18 years!!Other family"
"S2201_C01_017M","Total!!Margin of Error!!HOUSEHOLD TYPE!!No children under 18 years!!Other family"
"S2201_C02_017E","Percent!!Estimate!!HOUSEHOLD TYPE!!No children under 18 years!!Other family"
"S2201_C02_017M","Percent!!Margin of Error!!HOUSEHOLD TYPE!!No children under 18 years!!Other family"
"S2201_C03_017E","Households receiving food stamps/SNAP!!Estimate!!HOUSEHOLD TYPE!!No children under 18 years!!Other family"
"S2201_C03_017M","Households receiving food stamps/SNAP!!Margin of Error!!HOUSEHOLD TYPE!!No children under 18 years!!Other family"
"S2201_C04_017E","Percent households receiving food stamps/SNAP!!Estimate!!HOUSEHOLD TYPE!!No children under 18 years!!Other family"
"S2201_C04_017M","Percent households receiving food stamps/SNAP!!Margin of Error!!HOUSEHOLD TYPE!!No children under 18 years!!Other family"
"S2201_C05_017E","Households not receiving food stamps/SNAP!!Estimate!!HOUSEHOLD TYPE!!No children under 18 years!!Other family"
"S2201_C05_017M","Households not receiving food stamps/SNAP!!Margin of Error!!HOUSEHOLD TYPE!!No children under 18 years!!Other family"
"S2201_C06_017E","Percent households not receiving food stamps/SNAP!!Estimate!!HOUSEHOLD TYPE!!No children under 18 years!!Other family"
"S2201_C06_017M","Percent households not receiving food stamps/SNAP!!Margin of Error!!HOUSEHOLD TYPE!!No children under 18 years!!Other family"
"S2201_C01_018E","Total!!Estimate!!HOUSEHOLD TYPE!!No children under 18 years!!Other family!!Male householder, no wife present"
"S2201_C01_018M","Total!!Margin of Error!!HOUSEHOLD TYPE!!No children under 18 years!!Other family!!Male householder, no wife present"
"S2201_C02_018E","Percent!!Estimate!!HOUSEHOLD TYPE!!No children under 18 years!!Other family!!Male householder, no wife present"
"S2201_C02_018M","Percent!!Margin of Error!!HOUSEHOLD TYPE!!No children under 18 years!!Other family!!Male householder, no wife present"
"S2201_C03_018E","Households receiving food stamps/SNAP!!Estimate!!HOUSEHOLD TYPE!!No children under 18 years!!Other family!!Male householder, no wife present"
"S2201_C03_018M","Households receiving food stamps/SNAP!!Margin of Error!!HOUSEHOLD TYPE!!No children under 18 years!!Other family!!Male householder, no wife present"
"S2201_C04_018E","Percent households receiving food stamps/SNAP!!Estimate!!HOUSEHOLD TYPE!!No children under 18 years!!Other family!!Male householder, no wife present"
"S2201_C04_018M","Percent households receiving food stamps/SNAP!!Margin of Error!!HOUSEHOLD TYPE!!No children under 18 years!!Other family!!Male householder, no wife present"
"S2201_C05_018E","Households not receiving food stamps/SNAP!!Estimate!!HOUSEHOLD TYPE!!No children under 18 years!!Other family!!Male householder, no wife present"
"S2201_C05_018M","Households not receiving food stamps/SNAP!!Margin of Error!!HOUSEHOLD TYPE!!No children under 18 years!!Other family!!Male householder, no wife present"
"S2201_C06_018E","Percent households not receiving food stamps/SNAP!!Estimate!!HOUSEHOLD TYPE!!No children under 18 years!!Other family!!Male householder, no wife present"
"S2201_C06_018M","Percent households not receiving food stamps/SNAP!!Margin of Error!!HOUSEHOLD TYPE!!No children under 18 years!!Other family!!Male householder, no wife present"
"S2201_C01_019E","Total!!Estimate!!HOUSEHOLD TYPE!!No children under 18 years!!Other family!!Female householder, no husband present"
"S2201_C01_019M","Total!!Margin of Error!!HOUSEHOLD TYPE!!No children under 18 years!!Other family!!Female householder, no husband present"
"S2201_C02_019E","Percent!!Estimate!!HOUSEHOLD TYPE!!No children under 18 years!!Other family!!Female householder, no husband present"
"S2201_C02_019M","Percent!!Margin of Error!!HOUSEHOLD TYPE!!No children under 18 years!!Other family!!Female householder, no husband present"
"S2201_C03_019E","Households receiving food stamps/SNAP!!Estimate!!HOUSEHOLD TYPE!!No children under 18 years!!Other family!!Female householder, no husband present"
"S2201_C03_019M","Households receiving food stamps/SNAP!!Margin of Error!!HOUSEHOLD TYPE!!No children under 18 years!!Other family!!Female householder, no husband present"
"S2201_C04_019E","Percent households receiving food stamps/SNAP!!Estimate!!HOUSEHOLD TYPE!!No children under 18 years!!Other family!!Female householder, no husband present"
"S2201_C04_019M","Percent households receiving food stamps/SNAP!!Margin of Error!!HOUSEHOLD TYPE!!No children under 18 years!!Other family!!Female householder, no husband present"
"S2201_C05_019E","Households not receiving food stamps/SNAP!!Estimate!!HOUSEHOLD TYPE!!No children under 18 years!!Other family!!Female householder, no husband present"
"S2201_C05_019M","Households not receiving food stamps/SNAP!!Margin of Error!!HOUSEHOLD TYPE!!No children under 18 years!!Other family!!Female householder, no husband present"
"S2201_C06_019E","Percent households not receiving food stamps/SNAP!!Estimate!!HOUSEHOLD TYPE!!No children under 18 years!!Other family!!Female householder, no husband present"
"S2201_C06_019M","Percent households not receiving food stamps/SNAP!!Margin of Error!!HOUSEHOLD TYPE!!No children under 18 years!!Other family!!Female householder, no husband present"
"S2201_C01_020E","Total!!Estimate!!HOUSEHOLD TYPE!!No children under 18 years!!Nonfamily households"
"S2201_C01_020M","Total!!Margin of Error!!HOUSEHOLD TYPE!!No children under 18 years!!Nonfamily households"
"S2201_C02_020E","Percent!!Estimate!!HOUSEHOLD TYPE!!No children under 18 years!!Nonfamily households"
"S2201_C02_020M","Percent!!Margin of Error!!HOUSEHOLD TYPE!!No children under 18 years!!Nonfamily households"
"S2201_C03_020E","Households receiving food stamps/SNAP!!Estimate!!HOUSEHOLD TYPE!!No children under 18 years!!Nonfamily households"
"S2201_C03_020M","Households receiving food stamps/SNAP!!Margin of Error!!HOUSEHOLD TYPE!!No children under 18 years!!Nonfamily households"
"S2201_C04_020E","Percent households receiving food stamps/SNAP!!Estimate!!HOUSEHOLD TYPE!!No children under 18 years!!Nonfamily households"
"S2201_C04_020M","Percent households receiving food stamps/SNAP!!Margin of Error!!HOUSEHOLD TYPE!!No children under 18 years!!Nonfamily households"
"S2201_C05_020E","Households not receiving food stamps/SNAP!!Estimate!!HOUSEHOLD TYPE!!No children under 18 years!!Nonfamily households"
"S2201_C05_020M","Households not receiving food stamps/SNAP!!Margin of Error!!HOUSEHOLD TYPE!!No children under 18 years!!Nonfamily households"
"S2201_C06_020E","Percent households not receiving food stamps/SNAP!!Estimate!!HOUSEHOLD TYPE!!No children under 18 years!!Nonfamily households"
"S2201_C06_020M","Percent households not receiving food stamps/SNAP!!Margin of Error!!HOUSEHOLD TYPE!!No children under 18 years!!Nonfamily households"
"S2201_C01_021E","Total!!Estimate!!POVERTY STATUS IN THE PAST 12 MONTHS!!Below poverty level"
"S2201_C01_021M","Total!!Margin of Error!!POVERTY STATUS IN THE PAST 12 MONTHS!!Below poverty level"
"S2201_C02_021E","Percent!!Estimate!!POVERTY STATUS IN THE PAST 12 MONTHS!!Below poverty level"
"S2201_C02_021M","Percent!!Margin of Error!!POVERTY STATUS IN THE PAST 12 MONTHS!!Below poverty level"
"S2201_C03_021E","Households receiving food stamps/SNAP!!Estimate!!POVERTY STATUS IN THE PAST 12 MONTHS!!Below poverty level"
"S2201_C03_021M","Households receiving food stamps/SNAP!!Margin of Error!!POVERTY STATUS IN THE PAST 12 MONTHS!!Below poverty level"
"S2201_C04_021E","Percent households receiving food stamps/SNAP!!Estimate!!POVERTY STATUS IN THE PAST 12 MONTHS!!Below poverty level"
"S2201_C04_021M","Percent households receiving food stamps/SNAP!!Margin of Error!!POVERTY STATUS IN THE PAST 12 MONTHS!!Below poverty level"
"S2201_C05_021E","Households not receiving food stamps/SNAP!!Estimate!!POVERTY STATUS IN THE PAST 12 MONTHS!!Below poverty level"
"S2201_C05_021M","Households not receiving food stamps/SNAP!!Margin of Error!!POVERTY STATUS IN THE PAST 12 MONTHS!!Below poverty level"
"S2201_C06_021E","Percent households not receiving food stamps/SNAP!!Estimate!!POVERTY STATUS IN THE PAST 12 MONTHS!!Below poverty level"
"S2201_C06_021M","Percent households not receiving food stamps/SNAP!!Margin of Error!!POVERTY STATUS IN THE PAST 12 MONTHS!!Below poverty level"
"S2201_C01_022E","Total!!Estimate!!POVERTY STATUS IN THE PAST 12 MONTHS!!At or above poverty level"
"S2201_C01_022M","Total!!Margin of Error!!POVERTY STATUS IN THE PAST 12 MONTHS!!At or above poverty level"
"S2201_C02_022E","Percent!!Estimate!!POVERTY STATUS IN THE PAST 12 MONTHS!!At or above poverty level"
"S2201_C02_022M","Percent!!Margin of Error!!POVERTY STATUS IN THE PAST 12 MONTHS!!At or above poverty level"
"S2201_C03_022E","Households receiving food stamps/SNAP!!Estimate!!POVERTY STATUS IN THE PAST 12 MONTHS!!At or above poverty level"
"S2201_C03_022M","Households receiving food stamps/SNAP!!Margin of Error!!POVERTY STATUS IN THE PAST 12 MONTHS!!At or above poverty level"
"S2201_C04_022E","Percent households receiving food stamps/SNAP!!Estimate!!POVERTY STATUS IN THE PAST 12 MONTHS!!At or above poverty level"
"S2201_C04_022M","Percent households receiving food stamps/SNAP!!Margin of Error!!POVERTY STATUS IN THE PAST 12 MONTHS!!At or above poverty level"
"S2201_C05_022E","Households not receiving food stamps/SNAP!!Estimate!!POVERTY STATUS IN THE PAST 12 MONTHS!!At or above poverty level"
"S2201_C05_022M","Households not receiving food stamps/SNAP!!Margin of Error!!POVERTY STATUS IN THE PAST 12 MONTHS!!At or above poverty level"
"S2201_C06_022E","Percent households not receiving food stamps/SNAP!!Estimate!!POVERTY STATUS IN THE PAST 12 MONTHS!!At or above poverty level"
"S2201_C06_022M","Percent households not receiving food stamps/SNAP!!Margin of Error!!POVERTY STATUS IN THE PAST 12 MONTHS!!At or above poverty level"
"S2201_C01_023E","Total!!Estimate!!DISABILITY STATUS!!With one or more people with a disability"
"S2201_C01_023M","Total!!Margin of Error!!DISABILITY STATUS!!With one or more people with a disability"
"S2201_C02_023E","Percent!!Estimate!!DISABILITY STATUS!!With one or more people with a disability"
"S2201_C02_023M","Percent!!Margin of Error!!DISABILITY STATUS!!With one or more people with a disability"
"S2201_C03_023E","Households receiving food stamps/SNAP!!Estimate!!DISABILITY STATUS!!With one or more people with a disability"
"S2201_C03_023M","Households receiving food stamps/SNAP!!Margin of Error!!DISABILITY STATUS!!With one or more people with a disability"
"S2201_C04_023E","Percent households receiving food stamps/SNAP!!Estimate!!DISABILITY STATUS!!With one or more people with a disability"
"S2201_C04_023M","Percent households receiving food stamps/SNAP!!Margin of Error!!DISABILITY STATUS!!With one or more people with a disability"
"S2201_C05_023E","Households not receiving food stamps/SNAP!!Estimate!!DISABILITY STATUS!!With one or more people with a disability"
"S2201_C05_023M","Households not receiving food stamps/SNAP!!Margin of Error!!DISABILITY STATUS!!With one or more people with a disability"
"S2201_C06_023E","Percent households not receiving food stamps/SNAP!!Estimate!!DISABILITY STATUS!!With one or more people with a disability"
"S2201_C06_023M","Percent households not receiving food stamps/SNAP!!Margin of Error!!DISABILITY STATUS!!With one or more people with a disability"
"S2201_C01_024E","Total!!Estimate!!DISABILITY STATUS!!With no persons with a disability"
"S2201_C01_024M","Total!!Margin of Error!!DISABILITY STATUS!!With no persons with a disability"
"S2201_C02_024E","Percent!!Estimate!!DISABILITY STATUS!!With no persons with a disability"
"S2201_C02_024M","Percent!!Margin of Error!!DISABILITY STATUS!!With no persons with a disability"
"S2201_C03_024E","Households receiving food stamps/SNAP!!Estimate!!DISABILITY STATUS!!With no persons with a disability"
"S2201_C03_024M","Households receiving food stamps/SNAP!!Margin of Error!!DISABILITY STATUS!!With no persons with a disability"
"S2201_C04_024E","Percent households receiving food stamps/SNAP!!Estimate!!DISABILITY STATUS!!With no persons with a disability"
"S2201_C04_024M","Percent households receiving food stamps/SNAP!!Margin of Error!!DISABILITY STATUS!!With no persons with a disability"
"S2201_C05_024E","Households not receiving food stamps/SNAP!!Estimate!!DISABILITY STATUS!!With no persons with a disability"
"S2201_C05_024M","Households not receiving food stamps/SNAP!!Margin of Error!!DISABILITY STATUS!!With no persons with a disability"
"S2201_C06_024E","Percent households not receiving food stamps/SNAP!!Estimate!!DISABILITY STATUS!!With no persons with a disability"
"S2201_C06_024M","Percent households not receiving food stamps/SNAP!!Margin of Error!!DISABILITY STATUS!!With no persons with a disability"
"S2201_C01_025E","Total!!Estimate!!RACE AND HISPANIC OR LATINO ORIGIN OF HOUSEHOLDER!!White alone"
"S2201_C01_025M","Total!!Margin of Error!!RACE AND HISPANIC OR LATINO ORIGIN OF HOUSEHOLDER!!White alone"
"S2201_C02_025E","Percent!!Estimate!!RACE AND HISPANIC OR LATINO ORIGIN OF HOUSEHOLDER!!White alone"
"S2201_C02_025M","Percent!!Margin of Error!!RACE AND HISPANIC OR LATINO ORIGIN OF HOUSEHOLDER!!White alone"
"S2201_C03_025E","Households receiving food stamps/SNAP!!Estimate!!RACE AND HISPANIC OR LATINO ORIGIN OF HOUSEHOLDER!!White alone"
"S2201_C03_025M","Households receiving food stamps/SNAP!!Margin of Error!!RACE AND HISPANIC OR LATINO ORIGIN OF HOUSEHOLDER!!White alone"
"S2201_C04_025E","Percent households receiving food stamps/SNAP!!Estimate!!RACE AND HISPANIC OR LATINO ORIGIN OF HOUSEHOLDER!!White alone"
"S2201_C04_025M","Percent households receiving food stamps/SNAP!!Margin of Error!!RACE AND HISPANIC OR LATINO ORIGIN OF HOUSEHOLDER!!White alone"
"S2201_C05_025E","Households not receiving food stamps/SNAP!!Estimate!!RACE AND HISPANIC OR LATINO ORIGIN OF HOUSEHOLDER!!White alone"
"S2201_C05_025M","Households not receiving food stamps/SNAP!!Margin of Error!!RACE AND HISPANIC OR LATINO ORIGIN OF HOUSEHOLDER!!White alone"
"S2201_C06_025E","Percent households not receiving food stamps/SNAP!!Estimate!!RACE AND HISPANIC OR LATINO ORIGIN OF HOUSEHOLDER!!White alone"
"S2201_C06_025M","Percent households not receiving food stamps/SNAP!!Margin of Error!!RACE AND HISPANIC OR LATINO ORIGIN OF HOUSEHOLDER!!White alone"
"S2201_C01_026E","Total!!Estimate!!RACE AND HISPANIC OR LATINO ORIGIN OF HOUSEHOLDER!!Black or African American alone"
"S2201_C01_026M","Total!!Margin of Error!!RACE AND HISPANIC OR LATINO ORIGIN OF HOUSEHOLDER!!Black or African American alone"
"S2201_C02_026E","Percent!!Estimate!!RACE AND HISPANIC OR LATINO ORIGIN OF HOUSEHOLDER!!Black or African American alone"
"S2201_C02_026M","Percent!!Margin of Error!!RACE AND HISPANIC OR LATINO ORIGIN OF HOUSEHOLDER!!Black or African American alone"
"S2201_C03_026E","Households receiving food stamps/SNAP!!Estimate!!RACE AND HISPANIC OR LATINO ORIGIN OF HOUSEHOLDER!!Black or African American alone"
"S2201_C03_026M","Households receiving food stamps/SNAP!!Margin of Error!!RACE AND HISPANIC OR LATINO ORIGIN OF HOUSEHOLDER!!Black or African American alone"
"S2201_C04_026E","Percent households receiving food stamps/SNAP!!Estimate!!RACE AND HISPANIC OR LATINO ORIGIN OF HOUSEHOLDER!!Black or African American alone"
"S2201_C04_026M","Percent households receiving food stamps/SNAP!!Margin of Error!!RACE AND HISPANIC OR LATINO ORIGIN OF HOUSEHOLDER!!Black or African American alone"
"S2201_C05_026E","Households not receiving food stamps/SNAP!!Estimate!!RACE AND HISPANIC OR LATINO ORIGIN OF HOUSEHOLDER!!Black or African American alone"
"S2201_C05_026M","Households not receiving food stamps/SNAP!!Margin of Error!!RACE AND HISPANIC OR LATINO ORIGIN OF HOUSEHOLDER!!Black or African American alone"
"S2201_C06_026E","Percent households not receiving food stamps/SNAP!!Estimate!!RACE AND HISPANIC OR LATINO ORIGIN OF HOUSEHOLDER!!Black or African American alone"
"S2201_C06_026M","Percent households not receiving food stamps/SNAP!!Margin of Error!!RACE AND HISPANIC OR LATINO ORIGIN OF HOUSEHOLDER!!Black or African American alone"
"S2201_C01_027E","Total!!Estimate!!RACE AND HISPANIC OR LATINO ORIGIN OF HOUSEHOLDER!!American Indian and Alaska Native alone"
"S2201_C01_027M","Total!!Margin of Error!!RACE AND HISPANIC OR LATINO ORIGIN OF HOUSEHOLDER!!American Indian and Alaska Native alone"
"S2201_C02_027E","Percent!!Estimate!!RACE AND HISPANIC OR LATINO ORIGIN OF HOUSEHOLDER!!American Indian and Alaska Native alone"
"S2201_C02_027M","Percent!!Margin of Error!!RACE AND HISPANIC OR LATINO ORIGIN OF HOUSEHOLDER!!American Indian and Alaska Native alone"
"S2201_C03_027E","Households receiving food stamps/SNAP!!Estimate!!RACE AND HISPANIC OR LATINO ORIGIN OF HOUSEHOLDER!!American Indian and Alaska Native alone"
"S2201_C03_027M","Households receiving food stamps/SNAP!!Margin of Error!!RACE AND HISPANIC OR LATINO ORIGIN OF HOUSEHOLDER!!American Indian and Alaska Native alone"
"S2201_C04_027E","Percent households receiving food stamps/SNAP!!Estimate!!RACE AND HISPANIC OR LATINO ORIGIN OF HOUSEHOLDER!!American Indian and Alaska Native alone"
"S2201_C04_027M","Percent households receiving food stamps/SNAP!!Margin of Error!!RACE AND HISPANIC OR LATINO ORIGIN OF HOUSEHOLDER!!American Indian and Alaska Native alone"
"S2201_C05_027E","Households not receiving food stamps/SNAP!!Estimate!!RACE AND HISPANIC OR LATINO ORIGIN OF HOUSEHOLDER!!American Indian and Alaska Native alone"
"S2201_C05_027M","Households not receiving food stamps/SNAP!!Margin of Error!!RACE AND HISPANIC OR LATINO ORIGIN OF HOUSEHOLDER!!American Indian and Alaska Native alone"
"S2201_C06_027E","Percent households not receiving food stamps/SNAP!!Estimate!!RACE AND HISPANIC OR LATINO ORIGIN OF HOUSEHOLDER!!American Indian and Alaska Native alone"
"S2201_C06_027M","Percent households not receiving food stamps/SNAP!!Margin of Error!!RACE AND HISPANIC OR LATINO ORIGIN OF HOUSEHOLDER!!American Indian and Alaska Native alone"
"S2201_C01_028E","Total!!Estimate!!RACE AND HISPANIC OR LATINO ORIGIN OF HOUSEHOLDER!!Asian alone"
"S2201_C01_028M","Total!!Margin of Error!!RACE AND HISPANIC OR LATINO ORIGIN OF HOUSEHOLDER!!Asian alone"
"S2201_C02_028E","Percent!!Estimate!!RACE AND HISPANIC OR LATINO ORIGIN OF HOUSEHOLDER!!Asian alone"
"S2201_C02_028M","Percent!!Margin of Error!!RACE AND HISPANIC OR LATINO ORIGIN OF HOUSEHOLDER!!Asian alone"
"S2201_C03_028E","Households receiving food stamps/SNAP!!Estimate!!RACE AND HISPANIC OR LATINO ORIGIN OF HOUSEHOLDER!!Asian alone"
"S2201_C03_028M","Households receiving food stamps/SNAP!!Margin of Error!!RACE AND HISPANIC OR LATINO ORIGIN OF HOUSEHOLDER!!Asian alone"
"S2201_C04_028E","Percent households receiving food stamps/SNAP!!Estimate!!RACE AND HISPANIC OR LATINO ORIGIN OF HOUSEHOLDER!!Asian alone"
"S2201_C04_028M","Percent households receiving food stamps/SNAP!!Margin of Error!!RACE AND HISPANIC OR LATINO ORIGIN OF HOUSEHOLDER!!Asian alone"
"S2201_C05_028E","Households not receiving food stamps/SNAP!!Estimate!!RACE AND HISPANIC OR LATINO ORIGIN OF HOUSEHOLDER!!Asian alone"
"S2201_C05_028M","Households not receiving food stamps/SNAP!!Margin of Error!!RACE AND HISPANIC OR LATINO ORIGIN OF HOUSEHOLDER!!Asian alone"
"S2201_C06_028E","Percent households not receiving food stamps/SNAP!!Estimate!!RACE AND HISPANIC OR LATINO ORIGIN OF HOUSEHOLDER!!Asian alone"
"S2201_C06_028M","Percent households not receiving food stamps/SNAP!!Margin of Error!!RACE AND HISPANIC OR LATINO ORIGIN OF HOUSEHOLDER!!Asian alone"
"S2201_C01_029E","Total!!Estimate!!RACE AND HISPANIC OR LATINO ORIGIN OF HOUSEHOLDER!!Native Hawaiian and Other Pacific Islander alone"
"S2201_C01_029M","Total!!Margin of Error!!RACE AND HISPANIC OR LATINO ORIGIN OF HOUSEHOLDER!!Native Hawaiian and Other Pacific Islander alone"
"S2201_C02_029E","Percent!!Estimate!!RACE AND HISPANIC OR LATINO ORIGIN OF HOUSEHOLDER!!Native Hawaiian and Other Pacific Islander alone"
"S2201_C02_029M","Percent!!Margin of Error!!RACE AND HISPANIC OR LATINO ORIGIN OF HOUSEHOLDER!!Native Hawaiian and Other Pacific Islander alone"
"S2201_C03_029E","Households receiving food stamps/SNAP!!Estimate!!RACE AND HISPANIC OR LATINO ORIGIN OF HOUSEHOLDER!!Native Hawaiian and Other Pacific Islander alone"
"S2201_C03_029M","Households receiving food stamps/SNAP!!Margin of Error!!RACE AND HISPANIC OR LATINO ORIGIN OF HOUSEHOLDER!!Native Hawaiian and Other Pacific Islander alone"
"S2201_C04_029E","Percent households receiving food stamps/SNAP!!Estimate!!RACE AND HISPANIC OR LATINO ORIGIN OF HOUSEHOLDER!!Native Hawaiian and Other Pacific Islander alone"
"S2201_C04_029M","Percent households receiving food stamps/SNAP!!Margin of Error!!RACE AND HISPANIC OR LATINO ORIGIN OF HOUSEHOLDER!!Native Hawaiian and Other Pacific Islander alone"
"S2201_C05_029E","Households not receiving food stamps/SNAP!!Estimate!!RACE AND HISPANIC OR LATINO ORIGIN OF HOUSEHOLDER!!Native Hawaiian and Other Pacific Islander alone"
"S2201_C05_029M","Households not receiving food stamps/SNAP!!Margin of Error!!RACE AND HISPANIC OR LATINO ORIGIN OF HOUSEHOLDER!!Native Hawaiian and Other Pacific Islander alone"
"S2201_C06_029E","Percent households not receiving food stamps/SNAP!!Estimate!!RACE AND HISPANIC OR LATINO ORIGIN OF HOUSEHOLDER!!Native Hawaiian and Other Pacific Islander alone"
"S2201_C06_029M","Percent households not receiving food stamps/SNAP!!Margin of Error!!RACE AND HISPANIC OR LATINO ORIGIN OF HOUSEHOLDER!!Native Hawaiian and Other Pacific Islander alone"
"S2201_C01_030E","Total!!Estimate!!RACE AND HISPANIC OR LATINO ORIGIN OF HOUSEHOLDER!!Some other race alone"
"S2201_C01_030M","Total!!Margin of Error!!RACE AND HISPANIC OR LATINO ORIGIN OF HOUSEHOLDER!!Some other race alone"
"S2201_C02_030E","Percent!!Estimate!!RACE AND HISPANIC OR LATINO ORIGIN OF HOUSEHOLDER!!Some other race alone"
"S2201_C02_030M","Percent!!Margin of Error!!RACE AND HISPANIC OR LATINO ORIGIN OF HOUSEHOLDER!!Some other race alone"
"S2201_C03_030E","Households receiving food stamps/SNAP!!Estimate!!RACE AND HISPANIC OR LATINO ORIGIN OF HOUSEHOLDER!!Some other race alone"
"S2201_C03_030M","Households receiving food stamps/SNAP!!Margin of Error!!RACE AND HISPANIC OR LATINO ORIGIN OF HOUSEHOLDER!!Some other race alone"
"S2201_C04_030E","Percent households receiving food stamps/SNAP!!Estimate!!RACE AND HISPANIC OR LATINO ORIGIN OF HOUSEHOLDER!!Some other race alone"
"S2201_C04_030M","Percent households receiving food stamps/SNAP!!Margin of Error!!RACE AND HISPANIC OR LATINO ORIGIN OF HOUSEHOLDER!!Some other race alone"
"S2201_C05_030E","Households not receiving food stamps/SNAP!!Estimate!!RACE AND HISPANIC OR LATINO ORIGIN OF HOUSEHOLDER!!Some other race alone"
"S2201_C05_030M","Households not receiving food stamps/SNAP!!Margin of Error!!RACE AND HISPANIC OR LATINO ORIGIN OF HOUSEHOLDER!!Some other race alone"
"S2201_C06_030E","Percent households not receiving food stamps/SNAP!!Estimate!!RACE AND HISPANIC OR LATINO ORIGIN OF HOUSEHOLDER!!Some other race alone"
"S2201_C06_030M","Percent households not receiving food stamps/SNAP!!Margin of Error!!RACE AND HISPANIC OR LATINO ORIGIN OF HOUSEHOLDER!!Some other race alone"
"S2201_C01_031E","Total!!Estimate!!RACE AND HISPANIC OR LATINO ORIGIN OF HOUSEHOLDER!!Two or more races"
"S2201_C01_031M","Total!!Margin of Error!!RACE AND HISPANIC OR LATINO ORIGIN OF HOUSEHOLDER!!Two or more races"
"S2201_C02_031E","Percent!!Estimate!!RACE AND HISPANIC OR LATINO ORIGIN OF HOUSEHOLDER!!Two or more races"
"S2201_C02_031M","Percent!!Margin of Error!!RACE AND HISPANIC OR LATINO ORIGIN OF HOUSEHOLDER!!Two or more races"
"S2201_C03_031E","Households receiving food stamps/SNAP!!Estimate!!RACE AND HISPANIC OR LATINO ORIGIN OF HOUSEHOLDER!!Two or more races"
"S2201_C03_031M","Households receiving food stamps/SNAP!!Margin of Error!!RACE AND HISPANIC OR LATINO ORIGIN OF HOUSEHOLDER!!Two or more races"
"S2201_C04_031E","Percent households receiving food stamps/SNAP!!Estimate!!RACE AND HISPANIC OR LATINO ORIGIN OF HOUSEHOLDER!!Two or more races"
"S2201_C04_031M","Percent households receiving food stamps/SNAP!!Margin of Error!!RACE AND HISPANIC OR LATINO ORIGIN OF HOUSEHOLDER!!Two or more races"
"S2201_C05_031E","Households not receiving food stamps/SNAP!!Estimate!!RACE AND HISPANIC OR LATINO ORIGIN OF HOUSEHOLDER!!Two or more races"
"S2201_C05_031M","Households not receiving food stamps/SNAP!!Margin of Error!!RACE AND HISPANIC OR LATINO ORIGIN OF HOUSEHOLDER!!Two or more races"
"S2201_C06_031E","Percent households not receiving food stamps/SNAP!!Estimate!!RACE AND HISPANIC OR LATINO ORIGIN OF HOUSEHOLDER!!Two or more races"
"S2201_C06_031M","Percent households not receiving food stamps/SNAP!!Margin of Error!!RACE AND HISPANIC OR LATINO ORIGIN OF HOUSEHOLDER!!Two or more races"
"S2201_C01_032E","Total!!Estimate!!Hispanic or Latino origin (of any race)"
"S2201_C01_032M","Total!!Margin of Error!!Hispanic or Latino origin (of any race)"
"S2201_C02_032E","Percent!!Estimate!!Hispanic or Latino origin (of any race)"
"S2201_C02_032M","Percent!!Margin of Error!!Hispanic or Latino origin (of any race)"
"S2201_C03_032E","Households receiving food stamps/SNAP!!Estimate!!Hispanic or Latino origin (of any race)"
"S2201_C03_032M","Households receiving food stamps/SNAP!!Margin of Error!!Hispanic or Latino origin (of any race)"
"S2201_C04_032E","Percent households receiving food stamps/SNAP!!Estimate!!Hispanic or Latino origin (of any race)"
"S2201_C04_032M","Percent households receiving food stamps/SNAP!!Margin of Error!!Hispanic or Latino origin (of any race)"
"S2201_C05_032E","Households not receiving food stamps/SNAP!!Estimate!!Hispanic or Latino origin (of any race)"
"S2201_C05_032M","Households not receiving food stamps/SNAP!!Margin of Error!!Hispanic or Latino origin (of any race)"
"S2201_C06_032E","Percent households not receiving food stamps/SNAP!!Estimate!!Hispanic or Latino origin (of any race)"
"S2201_C06_032M","Percent households not receiving food stamps/SNAP!!Margin of Error!!Hispanic or Latino origin (of any race)"
"S2201_C01_033E","Total!!Estimate!!White alone, not Hispanic or Latino"
"S2201_C01_033M","Total!!Margin of Error!!White alone, not Hispanic or Latino"
"S2201_C02_033E","Percent!!Estimate!!White alone, not Hispanic or Latino"
"S2201_C02_033M","Percent!!Margin of Error!!White alone, not Hispanic or Latino"
"S2201_C03_033E","Households receiving food stamps/SNAP!!Estimate!!White alone, not Hispanic or Latino"
"S2201_C03_033M","Households receiving food stamps/SNAP!!Margin of Error!!White alone, not Hispanic or Latino"
"S2201_C04_033E","Percent households receiving food stamps/SNAP!!Estimate!!White alone, not Hispanic or Latino"
"S2201_C04_033M","Percent households receiving food stamps/SNAP!!Margin of Error!!White alone, not Hispanic or Latino"
"S2201_C05_033E","Households not receiving food stamps/SNAP!!Estimate!!White alone, not Hispanic or Latino"
"S2201_C05_033M","Households not receiving food stamps/SNAP!!Margin of Error!!White alone, not Hispanic or Latino"
"S2201_C06_033E","Percent households not receiving food stamps/SNAP!!Estimate!!White alone, not Hispanic or Latino"
"S2201_C06_033M","Percent households not receiving food stamps/SNAP!!Margin of Error!!White alone, not Hispanic or Latino"
"S2201_C01_034E","Total!!Estimate!!HOUSEHOLD INCOME IN THE PAST 12 MONTHS (IN 2015 INFLATION-ADJUSTED DOLLARS)!!Median income (dollars)"
"S2201_C01_034M","Total!!Margin of Error!!HOUSEHOLD INCOME IN THE PAST 12 MONTHS (IN 2015 INFLATION-ADJUSTED DOLLARS)!!Median income (dollars)"
"S2201_C02_034E","Percent!!Estimate!!HOUSEHOLD INCOME IN THE PAST 12 MONTHS (IN 2015 INFLATION-ADJUSTED DOLLARS)!!Median income (dollars)"
"S2201_C02_034M","Percent!!Margin of Error!!HOUSEHOLD INCOME IN THE PAST 12 MONTHS (IN 2015 INFLATION-ADJUSTED DOLLARS)!!Median income (dollars)"
"S2201_C03_034E","Households receiving food stamps/SNAP!!Estimate!!HOUSEHOLD INCOME IN THE PAST 12 MONTHS (IN 2015 INFLATION-ADJUSTED DOLLARS)!!Median income (dollars)"
"S2201_C03_034M","Households receiving food stamps/SNAP!!Margin of Error!!HOUSEHOLD INCOME IN THE PAST 12 MONTHS (IN 2015 INFLATION-ADJUSTED DOLLARS)!!Median income (dollars)"
"S2201_C04_034E","Percent households receiving food stamps/SNAP!!Estimate!!HOUSEHOLD INCOME IN THE PAST 12 MONTHS (IN 2015 INFLATION-ADJUSTED DOLLARS)!!Median income (dollars)"
"S2201_C04_034M","Percent households receiving food stamps/SNAP!!Margin of Error!!HOUSEHOLD INCOME IN THE PAST 12 MONTHS (IN 2015 INFLATION-ADJUSTED DOLLARS)!!Median income (dollars)"
"S2201_C05_034E","Households not receiving food stamps/SNAP!!Estimate!!HOUSEHOLD INCOME IN THE PAST 12 MONTHS (IN 2015 INFLATION-ADJUSTED DOLLARS)!!Median income (dollars)"
"S2201_C05_034M","Households not receiving food stamps/SNAP!!Margin of Error!!HOUSEHOLD INCOME IN THE PAST 12 MONTHS (IN 2015 INFLATION-ADJUSTED DOLLARS)!!Median income (dollars)"
"S2201_C06_034E","Percent households not receiving food stamps/SNAP!!Estimate!!HOUSEHOLD INCOME IN THE PAST 12 MONTHS (IN 2015 INFLATION-ADJUSTED DOLLARS)!!Median income (dollars)"
"S2201_C06_034M","Percent households not receiving food stamps/SNAP!!Margin of Error!!HOUSEHOLD INCOME IN THE PAST 12 MONTHS (IN 2015 INFLATION-ADJUSTED DOLLARS)!!Median income (dollars)"
"S2201_C01_035E","Total!!Estimate!!WORK STATUS!!Families"
"S2201_C01_035M","Total!!Margin of Error!!WORK STATUS!!Families"
"S2201_C02_035E","Percent!!Estimate!!WORK STATUS!!Families"
"S2201_C02_035M","Percent!!Margin of Error!!WORK STATUS!!Families"
"S2201_C03_035E","Households receiving food stamps/SNAP!!Estimate!!WORK STATUS!!Families"
"S2201_C03_035M","Households receiving food stamps/SNAP!!Margin of Error!!WORK STATUS!!Families"
"S2201_C04_035E","Percent households receiving food stamps/SNAP!!Estimate!!WORK STATUS!!Families"
"S2201_C04_035M","Percent households receiving food stamps/SNAP!!Margin of Error!!WORK STATUS!!Families"
"S2201_C05_035E","Households not receiving food stamps/SNAP!!Estimate!!WORK STATUS!!Families"
"S2201_C05_035M","Households not receiving food stamps/SNAP!!Margin of Error!!WORK STATUS!!Families"
"S2201_C06_035E","Percent households not receiving food stamps/SNAP!!Estimate!!WORK STATUS!!Families"
"S2201_C06_035M","Percent households not receiving food stamps/SNAP!!Margin of Error!!WORK STATUS!!Families"
"S2201_C01_036E","Total!!Estimate!!WORK STATUS!!Families!!No workers in past 12 months"
"S2201_C01_036M","Total!!Margin of Error!!WORK STATUS!!Families!!No workers in past 12 months"
"S2201_C02_036E","Percent!!Estimate!!WORK STATUS!!Families!!No workers in past 12 months"
"S2201_C02_036M","Percent!!Margin of Error!!WORK STATUS!!Families!!No workers in past 12 months"
"S2201_C03_036E","Households receiving food stamps/SNAP!!Estimate!!WORK STATUS!!Families!!No workers in past 12 months"
"S2201_C03_036M","Households receiving food stamps/SNAP!!Margin of Error!!WORK STATUS!!Families!!No workers in past 12 months"
"S2201_C04_036E","Percent households receiving food stamps/SNAP!!Estimate!!WORK STATUS!!Families!!No workers in past 12 months"
"S2201_C04_036M","Percent households receiving food stamps/SNAP!!Margin of Error!!WORK STATUS!!Families!!No workers in past 12 months"
"S2201_C05_036E","Households not receiving food stamps/SNAP!!Estimate!!WORK STATUS!!Families!!No workers in past 12 months"
"S2201_C05_036M","Households not receiving food stamps/SNAP!!Margin of Error!!WORK STATUS!!Families!!No workers in past 12 months"
"S2201_C06_036E","Percent households not receiving food stamps/SNAP!!Estimate!!WORK STATUS!!Families!!No workers in past 12 months"
"S2201_C06_036M","Percent households not receiving food stamps/SNAP!!Margin of Error!!WORK STATUS!!Families!!No workers in past 12 months"
"S2201_C01_037E","Total!!Estimate!!WORK STATUS!!Families!!1 worker in past 12 months"
"S2201_C01_037M","Total!!Margin of Error!!WORK STATUS!!Families!!1 worker in past 12 months"
"S2201_C02_037E","Percent!!Estimate!!WORK STATUS!!Families!!1 worker in past 12 months"
"S2201_C02_037M","Percent!!Margin of Error!!WORK STATUS!!Families!!1 worker in past 12 months"
"S2201_C03_037E","Households receiving food stamps/SNAP!!Estimate!!WORK STATUS!!Families!!1 worker in past 12 months"
"S2201_C03_037M","Households receiving food stamps/SNAP!!Margin of Error!!WORK STATUS!!Families!!1 worker in past 12 months"
"S2201_C04_037E","Percent households receiving food stamps/SNAP!!Estimate!!WORK STATUS!!Families!!1 worker in past 12 months"
"S2201_C04_037M","Percent households receiving food stamps/SNAP!!Margin of Error!!WORK STATUS!!Families!!1 worker in past 12 months"
"S2201_C05_037E","Households not receiving food stamps/SNAP!!Estimate!!WORK STATUS!!Families!!1 worker in past 12 months"
"S2201_C05_037M","Households not receiving food stamps/SNAP!!Margin of Error!!WORK STATUS!!Families!!1 worker in past 12 months"
"S2201_C06_037E","Percent households not receiving food stamps/SNAP!!Estimate!!WORK STATUS!!Families!!1 worker in past 12 months"
"S2201_C06_037M","Percent households not receiving food stamps/SNAP!!Margin of Error!!WORK STATUS!!Families!!1 worker in past 12 months"
"S2201_C01_038E","Total!!Estimate!!WORK STATUS!!Families!!2 or more workers in past 12 months"
"S2201_C01_038M","Total!!Margin of Error!!WORK STATUS!!Families!!2 or more workers in past 12 months"
"S2201_C02_038E","Percent!!Estimate!!WORK STATUS!!Families!!2 or more workers in past 12 months"
"S2201_C02_038M","Percent!!Margin of Error!!WORK STATUS!!Families!!2 or more workers in past 12 months"
"S2201_C03_038E","Households receiving food stamps/SNAP!!Estimate!!WORK STATUS!!Families!!2 or more workers in past 12 months"
"S2201_C03_038M","Households receiving food stamps/SNAP!!Margin of Error!!WORK STATUS!!Families!!2 or more workers in past 12 months"
"S2201_C04_038E","Percent households receiving food stamps/SNAP!!Estimate!!WORK STATUS!!Families!!2 or more workers in past 12 months"
"S2201_C04_038M","Percent households receiving food stamps/SNAP!!Margin of Error!!WORK STATUS!!Families!!2 or more workers in past 12 months"
"S2201_C05_038E","Households not receiving food stamps/SNAP!!Estimate!!WORK STATUS!!Families!!2 or more workers in past 12 months"
"S2201_C05_038M","Households not receiving food stamps/SNAP!!Margin of Error!!WORK STATUS!!Families!!2 or more workers in past 12 months"
"S2201_C06_038E","Percent households not receiving food stamps/SNAP!!Estimate!!WORK STATUS!!Families!!2 or more workers in past 12 months"
"S2201_C06_038M","Percent households not receiving food stamps/SNAP!!Margin of Error!!WORK STATUS!!Families!!2 or more workers in past 12 months"
